ID,Logistic_Regression_Prediction,Random_Forest_Prediction
6,0,0
8,1,0
12,1,1
15,1,0
16,0,0
23,0,0
27,0,0
28,1,1
31,1,1
35,1,1
43,1,1
44,1,1
45,1,1
46,0,1
49,1,1
58,1,1
60,0,1
63,1,0
67,1,0
72,1,0
81,1,1
83,1,1
87,1,0
89,1,1
98,0,1
102,1,1
103,0,1
105,1,1
106,1,1
107,1,0
118,0,1
120,1,1
123,1,1
132,1,1
136,0,0
138,1,1
140,1,0
147,0,1
150,1,1
154,1,1
157,1,0
159,1,1
160,1,1
165,1,1
167,1,1
169,1,1
171,1,1
175,1,0
178,1,1
179,1,0
182,1,1
193,0,1
198,0,0
206,1,1
208,1,1
209,1,0
211,0,0
214,1,0
216,1,0
217,1,0
222,1,0
232,0,0
233,0,0
235,1,1
242,1,1
244,1,1
248,0,0
256,1,0
258,1,0
263,1,1
270,1,1
272,1,1
275,0,0
278,1,1
279,1,1
282,0,1
286,1,1
288,1,0
291,1,1
295,0,0
300,1,1
301,1,1
307,1,1
308,1,1
309,1,1
312,1,0
313,1,1
315,0,1
318,1,1
321,1,1
330,1,1
332,1,0
341,0,0
348,1,1
350,0,0
708,1,0
353,1,1
356,1,1
357,0,0
362,0,0
363,1,1
364,1,1
365,1,1
371,0,0
372,1,1
374,1,1
380,0,1
386,1,1
387,0,0
390,1,1
400,1,1
402,0,0
406,0,0
410,1,1
411,0,0
415,1,1
420,1,0
427,0,1
438,1,1
440,1,1
445,1,1
449,0,1
451,1,1
452,1,0
453,1,1
457,1,1
463,1,1
473,1,0
475,1,1
482,1,1
484,1,0
486,0,0
489,1,0
492,1,1
494,0,0
496,1,1
497,1,1
498,1,0
499,1,1
503,0,0
506,1,0
509,1,0
512,1,1
514,1,1
516,1,1
521,1,1
529,1,1
535,0,1
537,1,1
543,1,1
551,1,0
552,1,1
553,1,1
557,1,0
558,1,1
569,1,0
571,0,0
577,1,1
578,0,0
579,1,0
581,1,0
584,1,1
588,1,0
589,1,1
592,1,0
596,0,0
597,1,1
599,1,1
601,1,1
604,1,1
606,1,1
608,1,1
610,0,1
613,1,1
617,0,0
618,0,1
625,1,1
626,1,0
628,1,0
632,0,0
634,1,0
637,1,1
640,1,0
645,1,1
646,1,0
647,1,0
648,1,1
653,1,1
655,1,1
656,1,0
659,1,0
661,0,1
662,1,1
665,1,1
671,1,0
676,1,1
678,1,1
679,1,1
683,0,1
684,1,1
686,0,0
687,1,0
692,1,1
694,1,1
695,0,0
698,1,0
699,0,1
709,1,1
711,1,0
714,0,0
716,0,0
720,1,1
721,0,1
726,0,0
729,1,1
731,0,0
737,1,1
738,1,1
739,1,1
741,1,0
742,1,0
750,1,1
753,1,1
760,0,0
761,1,0
764,1,0
773,1,0
774,1,0
781,0,1
786,1,1
789,1,0
793,1,0
794,1,0
796,0,0
797,1,0
798,0,0
803,0,1
805,1,1
809,1,0
813,1,1
815,0,0
816,1,0
821,0,0
822,1,0
824,1,1
825,1,1
826,1,1
827,1,1
835,0,1
837,1,1
838,1,1
840,0,0
846,1,1
847,1,0
849,1,1
854,1,1
860,0,0
869,1,1
872,1,1
874,1,1
875,1,1
879,1,0
880,0,1
888,0,1
889,1,0
891,1,0
892,0,0
898,0,0
900,1,1
901,0,1
902,0,0
907,1,1
910,1,1
912,1,0
917,0,0
920,1,0
925,1,1
927,0,0
928,0,1
933,1,0
934,1,0
939,1,0
944,1,0
958,1,1
960,1,0
962,1,1
966,0,0
970,1,1
972,1,1
977,1,1
987,0,1
989,1,1
990,1,1
992,0,1
993,1,1
994,1,1
996,0,1
999,1,0
1004,0,0
1005,0,0
1010,1,1
1011,1,1
1014,1,0
1016,0,0
1017,1,1
1018,1,1
1021,1,0
1024,1,0
1028,0,1
1030,1,1
1031,0,0
1033,1,0
1038,0,0
1043,1,1
1045,1,0
1047,1,1
1048,0,1
1049,0,0
1051,1,1
1053,1,1
1057,1,1
1060,1,1
1066,1,0
1070,0,0
1075,0,0
1077,0,1
1078,1,1
1080,1,1
1082,0,0
1088,1,1
1090,0,0
1095,1,1
1102,1,1
1104,0,0
1105,0,0
1112,1,1
1113,1,1
1114,1,1
1118,1,1
1120,1,1
1123,1,0
1124,1,0
1126,0,0
1131,1,1
1132,1,0
1134,0,0
1137,1,1
1139,0,0
1140,1,1
1143,1,1
1144,0,1
1149,1,0
1152,0,0
1162,1,1
1168,0,0
1172,1,1
1176,1,1
1182,0,1
1186,1,0
1187,0,1
1189,1,1
1190,1,0
1195,0,0
1196,1,0
1197,1,1
1208,1,0
1211,1,1
1218,1,1
1221,1,1
1223,1,1
1227,1,1
1230,1,1
1231,1,1
1232,0,1
1233,1,1
1238,1,1
1240,1,1
1242,1,1
1243,1,1
1244,0,1
1245,0,1
1249,1,1
1255,1,0
1257,1,1
1259,1,1
1265,1,1
1267,0,1
1268,0,1
1272,0,0
1275,1,1
1277,1,1
1278,0,1
1282,1,0
1287,1,1
1289,0,1
1291,1,1
1299,1,0
1300,1,0
1302,1,1
1303,1,1
1305,1,0
1307,1,1
1310,1,1
1316,1,0
1319,1,1
1323,0,0
1326,0,0
1327,0,1
1328,1,1
1329,1,1
1335,1,0
1337,0,0
1338,1,0
1341,0,0
1348,0,0
1352,1,0
1353,1,1
1368,1,1
1371,1,1
1372,1,1
1377,0,0
1378,1,1
1381,1,1
1382,1,0
1386,0,0
1392,1,0
1395,1,0
1402,1,0
1405,1,1
1406,0,1
1414,0,0
1417,1,1
1419,1,1
1422,0,1
1424,1,1
1426,1,1
1428,1,1
1431,1,1
1433,1,0
1434,0,0
1435,0,0
1436,1,1
1437,0,0
1438,1,1
1448,1,0
1449,1,1
1451,1,1
1452,1,0
1453,1,1
1454,1,1
1458,1,0
1465,0,0
1466,1,1
1470,0,0
1471,1,0
1474,1,1
1476,1,0
1477,1,1
1478,0,0
1479,1,0
1481,0,0
1482,1,1
1490,1,1
1491,1,0
1493,1,1
1498,0,0
1505,0,1
1508,1,1
1509,0,0
1513,1,1
1514,1,1
1518,1,1
1521,1,1
1525,0,1
1527,1,1
1528,1,1
1533,1,1
1536,1,0
1538,0,1
1539,1,0
1549,1,1
1552,1,1
1559,1,0
1560,1,0
1561,1,0
1565,1,1
1572,0,0
1574,1,1
1578,1,1
1580,0,0
1586,1,1
1598,0,1
1603,1,0
1604,1,1
1608,1,1
1612,1,1
1613,1,1
1614,1,0
1616,0,0
1621,1,0
1623,0,0
1628,1,0
1629,1,1
1632,0,1
1635,0,0
1644,1,1
1649,1,0
1650,0,0
1659,1,1
1663,1,1
1664,0,0
1666,1,0
1670,0,0
1681,1,1
1688,1,1
1692,0,0
1698,1,1
1708,1,0
1710,0,0
1714,1,1
1715,1,1
1716,1,1
1719,1,1
1720,1,1
1721,1,1
1722,1,0
1723,1,1
1726,1,1
1729,1,1
1730,1,1
1735,0,0
1740,0,0
1744,1,0
1746,1,1
1747,1,0
1749,1,1
1753,1,0
1755,1,0
1758,0,1
1760,0,0
1762,0,1
1765,1,1
1766,1,0
1767,1,1
1769,1,0
1773,1,0
1778,1,1
1779,1,0
1780,1,0
1781,1,1
1787,1,0
1790,0,1
1792,0,1
1793,0,0
1794,1,1
1799,1,0
1806,1,1
1808,1,1
1811,1,0
1813,1,0
1816,1,1
1817,1,0
1819,1,1
1820,1,0
1822,1,0
1828,1,1
1829,0,0
1831,1,0
1837,1,1
1841,1,1
1842,0,0
1845,1,1
1852,1,0
1854,0,0
1855,1,1
1862,0,1
1870,1,1
1872,1,1
1873,0,0
1874,1,0
1877,0,1
1880,1,0
1883,1,1
1884,1,0
1889,0,1
1892,0,0
1893,1,0
1904,0,0
1910,1,1
1913,1,1
1919,1,0
1921,1,1
1925,1,1
1927,0,0
1929,1,1
1936,0,0
1937,0,0
1939,0,0
1940,0,0
1941,0,0
1943,1,1
1946,0,0
1947,0,0
1949,1,1
1951,0,0
1965,1,1
1969,0,1
1970,0,1
1974,1,0
1975,1,0
1977,1,0
1981,1,1
1988,1,1
1993,1,1
1994,1,1
1998,0,0
1999,1,0
2003,0,1
2004,1,1
2008,0,0
2012,0,0
2019,0,1
2023,0,1
2025,1,1
2028,1,1
2029,1,0
2030,0,1
2033,1,1
2034,0,0
2035,0,0
2036,0,1
2037,0,0
2045,0,0
2046,0,0
2051,0,0
2055,1,1
2056,1,0
2058,1,1
2061,1,1
2069,1,0
2070,1,0
2071,1,1
2079,1,0
2081,0,1
2082,1,0
2084,1,0
2087,1,1
2091,1,1
2092,1,1
2099,0,0
2100,1,1
2101,0,0
2106,1,1
2111,0,1
2116,1,0
2124,1,0
2125,0,1
2126,1,1
2128,1,1
2129,1,1
2131,1,1
2133,0,0
2135,1,1
2137,0,0
2140,1,0
2141,0,0
2142,0,0
2145,0,0
2151,1,1
2152,0,1
2155,0,1
2160,1,1
2162,1,0
2164,1,0
2168,0,0
2175,1,0
2185,0,0
2187,1,1
2188,1,1
2194,0,1
2203,0,1
2206,1,1
2207,1,1
2211,1,1
2212,0,0
2213,1,1
2216,1,1
2217,1,1
2220,1,1
2221,0,1
2223,1,1
2225,0,0
2227,1,0
2235,1,1
2237,1,1
2239,0,1
2242,1,0
2250,0,1
2253,1,1
2258,0,1
2259,1,1
2261,1,0
2264,1,0
2274,1,1
2282,0,0
2285,1,1
2287,1,0
2293,1,0
2301,1,1
2302,1,1
2303,1,1
2307,1,1
2308,1,1
2309,0,0
2312,1,1
2314,1,0
2319,0,1
2320,1,0
2322,1,0
2329,1,1
2331,1,1
2332,1,0
2333,1,1
2336,1,0
2354,0,0
2355,0,0
2356,1,0
2359,1,1
2360,0,1
2363,0,0
2365,0,1
2368,0,0
2372,0,0
2375,1,0
2378,0,0
2379,0,1
2381,0,0
2384,1,1
2385,0,1
2387,0,0
2391,1,0
2398,1,1
2404,1,0
2405,1,0
2409,1,0
2417,1,0
2418,1,0
2420,1,1
2425,1,1
2426,1,1
2428,1,1
2430,1,1
2434,0,0
2441,1,0
2443,1,1
2445,1,1
2446,1,1
2447,0,0
2449,1,0
2453,0,0
2455,1,0
2456,0,1
2457,1,1
2459,1,1
2465,1,1
2467,0,0
2471,1,1
2475,0,1
2480,1,0
2481,0,0
2487,1,0
2489,1,0
2490,1,1
2492,1,1
2493,1,0
2497,0,0
2499,1,0
2503,1,1
2504,1,0
2505,1,1
2514,1,1
2515,0,0
2518,1,1
2523,1,1
2525,0,0
2528,1,1
2529,0,1
2530,1,1
2531,1,0
2533,1,0
2534,0,1
2535,1,1
2536,1,1
2539,0,1
2540,0,1
2543,1,0
2545,1,1
2554,0,0
2559,1,1
2565,1,1
2569,1,1
2570,1,1
2572,0,0
2573,1,1
2575,1,0
2576,1,1
2579,1,1
2580,1,1
2587,1,1
2591,1,1
2593,1,1
2600,0,0
2601,0,1
2604,1,0
2606,1,1
2607,1,1
2611,1,1
2614,1,1
2616,1,1
2618,0,0
2619,1,0
2621,0,0
2625,0,0
2630,1,1
2637,0,1
2642,1,0
2645,1,1
2646,0,0
2653,0,0
2654,1,1
2665,1,0
2671,0,0
2672,0,0
2674,1,1
2675,1,1
2676,0,0
2679,1,1
2683,1,1
2684,1,1
2698,1,1
2708,1,0
2712,0,0
2716,0,0
2719,1,1
2720,0,0
2723,0,0
2724,1,1
2726,1,1
2728,1,1
2729,0,0
2741,0,0
2744,1,1
2748,1,1
2749,1,1
2751,1,0
2765,0,0
2778,0,0
2785,0,0
2787,0,1
2790,0,0
2791,1,0
2794,0,0
2796,1,1
2801,0,0
2804,0,1
2805,0,0
2807,0,1
2810,0,1
2812,1,1
2814,1,1
2817,1,1
2818,1,0
2837,1,1
2839,0,1
2840,1,1
2843,1,1
2851,1,1
2852,1,1
2856,0,0
2858,1,0
2859,0,0
2860,1,1
2862,1,0
2868,1,1
2880,1,1
2881,0,0
2882,1,1
2884,1,1
2888,0,1
2889,0,1
2890,1,1
2892,0,0
2901,0,1
2904,0,0
2905,0,0
2907,1,1
2911,1,1
2912,1,1
2913,1,0
2918,1,1
2919,0,0
2923,1,1
2926,1,0
2927,1,0
2932,1,1
2935,1,1
2938,1,1
2943,1,1
2951,0,1
2952,0,1
2953,0,1
2957,0,0
2963,0,1
2967,1,0
2968,0,0
2977,1,0
2978,0,0
2980,0,0
2990,1,0
2991,1,1
2992,0,0
2994,0,0
2997,0,0
2999,1,1
3001,0,0
3005,1,0
3007,1,0
3009,0,0
3020,0,0
3021,0,0
3025,1,1
3027,0,1
3035,0,1
3036,0,1
3037,0,1
3039,1,1
3042,1,0
3049,1,0
3051,1,1
3054,0,1
3057,0,0
3066,1,1
3072,1,1
3073,0,0
3078,0,1
3080,1,0
3089,1,1
3092,1,1
3100,0,1
3106,1,0
3108,0,0
3110,0,0
3111,1,1
3114,1,1
3120,0,1
3121,1,1
3128,1,1
3138,1,1
3145,1,0
3155,0,0
3160,1,1
3167,0,0
3168,1,1
3171,1,1
3172,0,0
3178,0,0
3180,0,0
3183,1,1
3188,0,0
3193,1,0
3198,0,1
3211,0,0
3221,0,0
3225,0,1
3227,0,0
3229,0,0
3232,0,0
3234,1,1
3238,0,0
3239,0,0
3243,1,0
3244,1,1
3246,0,0
3253,1,0
3261,1,1
3262,0,1
3264,0,0
4152,1,1
3267,1,1
3271,1,0
3276,0,1
3278,0,1
3282,1,1
3286,0,1
3287,0,0
3291,1,1
3292,0,0
3298,0,0
3301,0,0
3304,0,0
3305,1,1
3308,0,0
3314,1,1
3315,1,1
3318,1,1
3321,0,0
3322,1,1
3323,1,0
3326,0,1
3327,1,1
3336,0,1
3341,0,0
3349,1,1
3351,0,1
3354,1,0
3355,1,1
3357,1,1
3360,1,1
3369,1,1
3372,0,0
3374,1,1
3377,1,0
3382,1,0
3384,1,0
3388,1,0
3390,1,1
3396,0,0
3397,1,1
3400,1,1
3402,0,1
3405,0,0
3406,1,1
3424,1,1
3427,1,0
3429,0,0
3433,1,1
3434,0,0
3441,0,0
3449,1,0
3450,0,0
3454,1,1
3455,1,1
3459,0,1
3460,1,1
3462,0,0
3468,1,0
3470,1,1
3471,1,1
3472,1,1
3477,1,1
3481,0,1
3484,1,0
3488,0,0
3490,1,1
3492,1,1
3496,1,1
3503,1,0
3507,0,1
3509,0,1
3513,0,0
3520,1,1
3530,0,0
3531,0,1
3532,0,0
3533,0,0
3534,1,0
3535,1,1
3536,1,0
3539,1,0
3542,1,0
3549,1,1
3552,1,1
3560,1,1
3565,1,1
3566,1,1
3575,0,1
3578,0,1
3580,1,0
3589,1,0
3592,0,0
3594,1,1
3596,0,0
3599,0,0
3602,1,1
3605,1,1
3606,0,1
3608,0,0
3619,1,1
3620,1,0
3622,1,1
3624,0,1
3637,0,0
3640,0,0
3641,1,0
3644,1,1
3645,0,1
3647,1,0
3648,0,0
3649,1,1
3657,0,0
3659,1,1
3663,0,0
3666,0,0
3670,1,1
3671,1,1
3677,0,0
3680,1,0
3681,0,0
3682,1,1
3686,1,0
3696,1,0
3698,1,1
3701,0,1
3713,0,1
3714,0,0
3716,0,1
3717,1,0
3722,1,1
3724,1,0
3727,0,0
3728,0,0
3729,0,0
3740,1,1
3741,0,0
3745,1,0
3753,1,1
3766,1,0
3767,1,1
3768,1,0
3775,1,1
3781,1,0
3782,1,1
3784,0,1
3789,1,1
3791,1,1
3792,1,0
3794,0,1
3795,0,1
3799,0,0
3804,0,0
3807,0,0
3812,1,1
3815,1,1
3817,1,1
3818,1,1
3819,0,0
3833,0,0
3834,1,1
3836,1,1
3838,1,1
3843,1,1
3844,1,0
3845,1,0
3847,1,1
3848,1,0
3849,0,0
3850,0,0
3851,1,1
3853,1,1
3858,1,0
3859,1,1
3860,1,1
3867,1,1
3869,1,1
3873,0,0
3874,1,1
3878,0,0
3883,1,0
3885,0,1
3889,1,0
4575,0,0
3896,1,0
3897,1,1
3898,1,1
3904,0,0
3906,1,1
3910,1,0
3911,0,0
3915,1,1
3920,0,0
3921,1,1
3931,1,1
3936,1,1
3938,1,0
3942,1,0
3943,0,1
3945,0,0
3946,1,0
3951,1,1
3956,1,0
3959,0,0
3963,1,1
3964,1,1
3965,0,0
3970,1,1
3972,1,0
3981,1,0
3986,1,0
3987,1,1
3988,1,0
3989,0,0
3993,1,0
3995,1,1
3997,1,0
4010,0,1
4020,1,0
4021,1,0
4027,0,0
4028,1,1
4030,1,0
4031,1,1
4037,1,1
4044,1,0
4046,1,0
4049,0,0
4053,1,0
4054,1,0
4055,0,1
4066,1,0
4069,1,1
4074,1,1
4076,1,1
4079,1,1
4082,1,0
4083,1,1
4087,1,0
4089,0,1
4092,1,1
4093,1,1
4096,0,1
4097,1,1
4099,1,1
4104,0,0
4106,1,1
4110,0,1
4111,1,0
4115,1,0
4118,0,0
4121,1,1
4127,1,1
4135,1,1
4147,1,1
4157,0,1
4162,1,1
4164,1,1
4176,0,0
4188,0,1
4190,0,0
4193,1,1
4199,0,1
4208,1,1
4211,0,1
4213,1,1
4214,0,1
4217,1,0
4218,1,1
4235,1,1
4240,1,1
4249,1,0
4261,0,0
4264,1,1
4266,1,1
4267,0,0
4270,1,1
4276,1,0
4287,1,0
4293,1,1
4294,1,1
4295,1,1
4307,1,1
4316,1,0
4323,1,0
4324,0,0
4326,1,1
4327,1,0
4328,1,1
4332,1,1
4333,1,1
4339,1,1
4343,1,1
4344,1,1
4351,1,1
4356,1,1
4357,1,0
4361,1,1
4365,1,1
4367,1,0
4369,1,1
4371,1,0
4372,0,0
4373,0,1
4375,1,1
4378,1,1
4388,0,1
4389,1,0
4396,1,1
4399,1,1
4404,1,1
4407,1,1
4409,1,0
4411,0,0
4413,1,0
4414,1,1
4421,1,1
4424,1,1
4429,1,0
4432,1,1
4439,1,0
4441,0,0
4442,1,1
4444,1,1
4450,1,0
4457,0,1
4460,1,1
4463,1,0
4464,0,1
4466,1,1
4469,1,1
4479,1,0
4485,1,1
4489,1,1
4491,1,1
4492,1,1
4493,0,0
4494,1,0
4496,1,1
4499,1,1
4508,1,0
4511,1,0
4512,1,0
4514,0,0
4517,1,1
4525,1,1
4526,0,0
4528,0,1
4532,0,1
4537,1,1
4547,0,1
4548,1,0
4551,0,0
4552,1,0
4553,1,1
4554,1,1
4557,1,0
4558,1,1
4559,1,0
4560,1,1
4562,1,0
4565,1,1
4570,0,0
4571,1,0
4572,0,1
4576,0,0
4581,1,0
4583,0,1
4587,1,1
4588,0,1
4590,1,1
4593,1,0
4594,0,1
4605,0,1
4606,1,1
4611,1,0
4612,1,1
4614,0,0
4621,0,0
4622,1,0
4625,1,1
4628,1,0
4633,0,0
4636,1,0
4638,0,0
4644,1,0
4647,1,0
4651,0,1
4658,1,0
4661,1,0
4664,1,1
4670,1,0
4674,1,1
4680,0,0
4681,0,0
4683,0,0
4684,0,1
4685,1,0
4689,0,1
4692,1,1
4695,1,1
4697,0,0
4698,1,1
4700,0,0
4702,1,1
4704,1,0
4712,1,1
4718,1,1
4719,1,1
4726,0,0
4728,1,1
4730,1,1
4731,1,0
4732,1,1
4736,1,0
4740,0,0
4744,0,1
4745,0,0
4747,1,1
4756,1,1
4759,1,1
4761,1,1
4764,1,1
4769,1,0
4773,1,0
4774,1,1
4775,1,1
4780,1,0
4782,1,1
4788,1,0
4789,1,1
4792,0,1
4794,1,1
4797,1,1
4800,1,1
4801,0,0
4803,0,1
4805,1,1
5067,0,0
4819,1,1
4822,1,1
4826,1,1
4829,0,0
4831,1,0
4833,0,0
4836,1,1
4837,0,1
4840,1,0
4843,1,1
4852,1,1
4856,1,0
4857,0,0
4861,1,0
4862,1,1
4863,1,1
4864,1,1
4867,1,1
4871,1,1
4873,0,0
4874,1,1
4876,1,0
4877,1,0
4889,0,0
4891,1,1
4892,1,0
4895,1,0
4897,1,1
4899,0,0
4900,1,1
4901,0,0
4905,0,0
4912,0,0
4919,0,0
4926,1,0
4928,0,0
4929,1,1
4931,0,0
4936,1,1
4937,1,0
4939,0,0
4948,1,0
4955,1,1
4959,0,1
4960,0,0
4967,0,1
4970,0,0
4973,0,1
4979,0,0
4984,1,0
4985,1,1
4988,0,0
4997,1,0
4998,1,1
4999,1,1
5000,0,0
5004,1,1
5006,1,0
5008,0,1
5011,1,1
5015,1,1
5022,0,0
5028,0,0
5031,1,0
5032,0,0
5036,0,1
5038,0,1
5039,0,0
5040,1,1
5041,1,0
5043,0,0
5051,1,0
5057,0,1
5060,0,0
5063,1,1
5066,0,1
5069,1,1
5077,1,0
5078,0,0
5079,1,0
5081,1,0
5085,0,0
5088,0,0
5091,0,0
5094,0,0
5099,1,1
5100,1,1
5106,1,1
5111,0,0
5114,0,1
5118,0,1
5134,1,0
5135,0,0
5138,0,0
5143,0,0
5145,0,0
5148,0,1
5151,0,0
5162,0,0
5163,1,1
5165,0,0
5169,0,0
5173,1,0
5175,1,0
5176,0,0
5177,0,1
5182,0,0
5190,0,0
5196,1,1
5205,0,0
5207,0,0
5211,0,0
5217,0,0
5220,0,1
5221,1,1
5228,0,0
5233,0,0
5234,1,0
5240,1,0
5244,0,0
5245,0,0
5256,0,0
5257,0,1
5259,1,1
5261,0,0
5265,1,1
5267,0,0
5268,0,0
5269,1,1
5275,0,0
5276,1,1
5280,1,0
5281,0,0
5286,1,0
5289,0,1
5290,0,0
5291,1,1
5293,1,0
5297,0,0
5298,0,0
5302,1,1
5307,1,0
5309,0,0
5315,1,1
5318,0,0
5319,1,0
5323,0,0
5324,0,1
5330,1,1
5332,0,0
5333,0,1
5334,1,1
5339,1,0
5480,0,0
5347,0,0
5348,0,0
5351,1,1
5353,1,0
5354,1,0
5362,1,0
5366,0,0
5369,0,0
5372,0,1
5377,0,0
5383,1,1
5384,0,0
5385,0,1
5388,1,1
5389,0,0
5390,0,0
5394,0,0
5396,0,0
5398,0,0
5412,0,0
5413,0,0
5414,0,0
5420,1,0
5424,0,1
5425,0,0
5426,0,0
5428,0,1
5429,0,1
5432,1,0
5440,1,0
5442,0,0
5447,1,1
5449,0,0
5451,0,0
5457,1,0
5459,1,0
5462,1,1
5464,0,1
5466,0,0
5482,0,0
5485,0,0
5489,1,0
5491,1,1
5506,1,1
5509,1,1
5511,1,1
5513,0,0
5516,1,1
5517,0,1
5520,1,1
5527,0,1
5529,1,1
5530,1,1
5533,1,1
5534,0,1
5536,0,0
5537,1,0
5540,1,1
5541,0,0
5542,1,1
5544,0,0
5548,0,0
5549,1,1
5551,0,0
5558,0,0
5560,1,1
5561,1,1
5563,0,0
5570,0,1
5575,1,1
5580,1,1
5582,1,1
5583,0,0
5589,1,1
5590,0,0
5591,1,0
5600,1,0
5601,0,1
5603,0,0
5604,1,1
5610,0,1
5614,0,0
5617,1,1
5620,0,1
5622,0,0
5624,1,1
5636,0,0
5638,1,1
5639,0,0
5640,0,0
5641,0,1
5642,0,0
5654,1,1
5657,1,0
5659,1,1
5662,1,1
5667,0,0
5677,1,1
5678,1,1
5679,0,0
5689,1,1
5692,0,0
5694,0,1
5695,1,0
5697,1,1
5699,0,1
5709,0,0
5711,0,0
5717,1,1
5721,1,0
5722,0,0
5723,1,1
5726,0,1
5727,0,0
5731,1,1
5733,0,0
5735,0,1
5741,1,0
5742,1,1
5744,0,1
5746,1,0
5756,0,0
5757,1,1
5759,0,1
5765,1,1
5767,0,0
5770,0,1
5772,0,0
5773,0,0
5781,0,1
5782,0,1
5783,1,0
5785,1,0
5788,0,0
5797,0,1
5798,1,1
5799,1,1
5800,0,0
5801,1,1
5804,0,0
5810,1,1
5812,0,1
5813,1,1
5815,0,0
5819,0,0
5820,0,1
5824,1,1
5825,0,0
5827,0,0
5829,1,1
5830,1,0
5831,1,0
5834,1,0
5836,0,0
5839,1,1
5841,1,1
5842,1,1
5847,1,1
5850,1,1
5852,1,1
5855,0,1
5858,1,1
5862,1,1
5865,1,1
5866,1,1
5873,1,1
5875,1,1
5877,1,1
5879,0,0
5882,0,0
5891,1,0
5892,0,0
5900,1,1
5901,1,1
5904,1,0
5905,0,1
5909,1,1
5910,0,1
5911,1,1
5912,0,1
5916,1,1
5919,0,0
5920,1,0
5924,1,0
5927,1,1
5930,1,1
5931,1,0
5932,1,1
5940,1,1
5941,1,1
5942,1,0
5944,1,1
5945,0,1
5954,1,1
5955,1,0
6048,1,1
5956,1,1
5958,1,1
5961,1,1
5964,1,1
5967,1,0
5968,0,0
5969,1,1
5971,1,1
5973,0,0
5974,1,1
5976,0,1
5977,1,1
5982,1,1
5984,0,1
5992,1,1
5994,1,1
5997,0,0
5998,0,0
5999,1,0
6002,1,0
6005,1,1
6012,1,0
6013,1,1
6015,1,1
6019,0,0
6020,1,0
6022,1,1
6024,0,0
6025,1,1
6026,1,1
6027,0,0
6032,1,0
6033,1,1
6035,0,1
6037,1,0
6039,1,0
6043,1,1
6045,1,1
6055,0,1
6063,0,0
6066,1,1
6071,1,1
6072,0,0
6077,1,0
6087,1,1
6090,1,1
6091,1,1
6096,0,0
6098,1,1
6101,1,0
6107,1,0
6108,1,1
6113,0,0
6117,1,0
6118,1,0
6120,1,1
6121,0,1
6122,1,1
6123,0,0
6124,1,1
6128,0,0
6131,1,1
6134,0,0
6135,1,0
6140,0,1
6142,1,1
6143,1,1
6145,1,1
6147,0,1
6149,0,1
6152,1,0
6155,0,0
6157,0,0
6159,0,1
6161,1,1
6162,1,1
6167,1,1
6172,0,1
6180,1,1
6183,0,0
6190,1,1
6191,1,1
6194,1,1
6197,1,0
6199,1,0
6204,1,1
6207,1,1
6209,1,1
6211,1,0
6215,1,1
6218,0,1
6219,0,0
6220,1,1
6224,1,0
6227,1,1
6230,1,1
6232,1,1
6237,1,0
6238,1,1
6239,1,0
6245,1,1
6252,0,0
6255,0,1
6256,1,0
6261,1,1
6263,0,0
6265,1,1
6276,1,1
6277,1,1
6281,1,0
6284,1,1
6291,1,1
6303,1,0
6308,1,1
6309,0,0
6312,1,0
6313,1,1
6315,0,0
6316,0,0
6318,1,1
6320,1,1
6322,1,1
6323,1,1
6328,1,1
6331,1,1
6337,1,1
6343,0,0
6345,1,1
6352,0,1
6354,1,0
6357,1,0
6360,0,0
6362,1,0
6363,1,1
6364,1,1
6368,1,0
6371,1,1
6377,1,1
6378,0,0
6379,1,1
6381,1,1
6382,1,1
6383,1,0
6385,1,0
6397,1,1
6398,1,1
6399,0,1
6407,1,1
6408,1,1
6414,1,0
6417,1,0
6418,1,1
6420,1,0
6425,1,1
6427,0,0
6431,0,0
6433,1,1
6436,1,1
6438,1,1
6440,1,0
6441,1,1
6444,0,0
6447,1,0
6448,0,0
6449,1,1
6450,1,1
6453,0,0
6454,0,0
6455,1,1
6456,1,1
6459,1,0
6460,1,0
6464,1,0
6465,1,1
6467,0,1
6469,1,0
6471,1,1
6473,1,1
6474,0,1
6475,1,1
6478,1,1
6480,1,1
6481,1,1
6483,1,1
6484,1,1
6486,0,1
6487,1,1
6488,0,1
6494,1,1
6496,1,0
6503,1,1
6504,1,1
6507,1,0
6509,1,0
6511,1,1
6512,1,1
6522,1,1
6525,1,0
6526,1,1
6528,0,0
6531,1,1
6532,0,1
6533,1,1
6537,1,1
6541,0,0
6543,1,0
6545,1,1
6548,1,1
6553,1,1
6555,1,0
6556,1,0
6562,0,0
6564,1,1
6568,0,0
6571,0,0
6572,1,0
6589,1,1
6593,1,1
6600,1,1
6602,1,1
6604,1,1
6605,1,1
6606,1,0
6607,1,1
6608,0,0
6610,0,0
6614,0,0
6615,1,0
6616,1,1
6622,1,1
6623,1,1
6625,1,1
6629,0,0
6632,1,1
6633,1,1
6637,1,1
6638,0,1
6643,1,1
6645,0,1
6646,1,0
6653,1,1
6654,1,1
6662,1,1
6672,1,1
6682,0,1
6690,1,1
6691,1,1
6693,1,1
6694,1,1
6697,1,0
6700,1,1
6704,1,0
6706,1,1
6714,1,1
6715,0,1
6717,1,0
6721,1,1
6724,1,1
6725,1,1
6726,1,0
6728,1,1
6732,1,1
6738,1,1
6740,1,1
6744,1,1
6746,1,1
6747,1,0
6753,1,1
6755,1,1
6757,1,1
6758,1,1
6764,0,1
6765,1,1
6767,0,0
6769,1,1
6771,1,0
6774,0,0
6775,0,1
6777,1,1
6778,1,1
6782,0,0
6783,1,1
6787,1,1
6788,1,1
6790,1,1
6793,1,1
6794,1,0
6795,1,1
6797,1,1
6798,1,0
6799,1,1
6800,0,0
6801,1,0
6806,1,0
6817,1,1
6818,1,1
6819,1,1
6825,1,1
6831,1,0
6832,1,0
6835,1,1
6847,1,0
6849,1,0
6854,0,0
6856,1,1
6858,1,0
6869,1,0
6876,1,1
6878,1,1
6893,1,0
6894,1,1
6895,1,1
6900,1,1
6901,1,1
6904,1,1
6910,1,1
6917,1,1
6919,0,0
6923,1,1
6924,0,1
6932,1,1
6935,0,1
6941,0,1
6947,0,1
6948,1,1
6951,1,1
6952,1,1
6954,1,1
6957,1,1
6961,1,1
6962,1,1
6963,0,0
6967,0,1
6970,1,1
6971,1,0
6974,1,1
6975,0,0
6978,1,1
6981,1,1
6986,1,1
6988,1,1
6995,1,1
7007,0,1
7008,1,1
7009,1,1
7016,1,1
7020,1,1
7021,1,1
7024,1,1
7026,1,1
7028,1,1
7041,1,0
7043,1,1
7053,1,1
7055,1,1
7057,1,1
7064,1,1
7070,1,1
7074,1,0
7075,1,1
7081,1,0
7082,1,1
7084,1,1
7085,1,0
7086,1,1
7089,1,1
7096,1,1
7099,1,1
7102,1,1
7103,1,0
7105,0,1
7107,1,1
7109,1,1
7128,0,0
7130,1,1
7136,1,1
7141,1,1
7144,1,1
7154,1,0
7155,1,1
7157,1,1
7163,0,1
7570,1,0
7164,1,1
7165,0,0
7167,1,1
7170,1,0
7174,1,0
7177,1,1
7178,1,1
7181,0,1
7182,1,0
7184,1,0
7188,1,1
7191,1,0
7193,1,0
7203,1,1
7205,1,1
7206,1,0
7209,0,0
7210,1,0
7211,1,0
7219,0,1
7221,1,1
7228,0,0
7229,1,1
7230,1,1
7236,1,0
7237,1,1
7244,1,1
7251,1,1
7252,1,1
7256,1,0
7259,1,1
7260,1,0
7266,1,1
7267,0,0
7270,1,0
7273,0,0
7274,0,0
7277,1,1
7278,1,0
7281,1,1
7286,1,1
7288,1,1
7289,1,1
7291,1,1
7296,0,1
7305,0,1
7309,1,1
7315,1,1
7317,0,1
7321,1,1
7323,1,0
7324,0,0
7327,1,1
7329,1,1
7334,1,1
7335,1,1
7336,1,1
7338,1,1
7339,0,1
7340,0,1
7342,1,1
7343,0,0
7348,0,0
7352,1,0
7353,1,0
7356,1,0
7366,1,0
7375,1,0
7383,0,0
7388,1,1
7392,1,1
7394,1,1
7396,0,0
7399,1,1
7405,1,0
7414,1,1
7427,1,1
7431,1,0
7446,0,0
7448,1,1
7449,0,0
7451,1,1
7456,1,0
7458,0,1
7460,1,1
7462,1,1
7464,1,1
7467,1,1
7471,1,1
7474,1,1
7483,0,0
7486,1,1
7487,1,1
7489,0,1
7494,1,0
7496,1,0
7499,1,0
7501,1,0
7502,1,1
7503,0,1
7509,1,1
7510,1,1
7515,1,0
7521,1,1
7522,0,0
7526,1,0
7531,1,1
7536,1,1
7540,1,0
7544,1,1
7545,1,1
7548,1,1
7554,0,1
7556,1,0
7558,1,1
7559,1,1
7563,1,1
7567,1,0
7571,1,1
7579,1,1
7582,1,1
7586,1,1
7595,1,0
7596,1,0
7598,0,1
7600,1,0
7601,1,1
7605,1,1
7606,1,1
7608,1,1
7612,1,0
7617,0,0
7621,1,1
7630,1,0
7631,1,1
7633,1,0
7634,1,1
7638,0,0
7639,1,0
7640,1,1
7642,1,0
7643,1,1
7652,1,1
7653,1,1
7661,1,1
7662,1,1
7664,1,1
7671,1,1
7679,0,1
7683,1,1
7685,1,1
7689,1,1
7693,1,1
7694,1,0
7695,1,0
7696,1,1
7698,1,1
7700,0,0
7701,1,1
7708,1,0
7711,0,0
7712,1,0
7715,1,1
7721,0,1
7722,1,1
7723,1,0
7725,0,1
7734,0,0
7741,0,0
7743,0,0
7744,1,1
7745,1,0
7746,1,1
7750,1,1
7752,1,1
7753,0,0
7755,1,1
7758,1,1
7764,1,0
7766,1,0
7767,1,0
7771,0,0
7776,1,1
7780,0,0
7782,1,1
7783,0,1
7788,0,0
7789,1,0
7790,1,1
7797,1,1
7800,0,1
7804,1,1
7806,1,1
7807,1,1
7808,1,0
7809,1,0
7814,0,0
7815,1,1
7816,1,0
7818,0,1
7820,0,1
7821,1,1
7826,1,1
7828,1,1
7830,1,1
7845,1,0
7847,1,0
7851,1,0
7852,1,0
7856,1,1
7860,1,0
7866,1,0
7867,0,1
7868,1,1
7869,0,1
7873,1,1
7881,0,1
7891,0,1
7895,1,1
7896,1,0
7899,1,1
7907,1,1
7913,1,1
7919,1,1
7920,1,0
7921,0,1
7922,0,1
7925,1,1
7927,0,0
7932,0,0
7933,0,0
7935,1,1
7936,0,1
7938,0,0
7942,1,1
7943,1,1
7944,0,1
7950,0,0
7952,1,1
7953,1,0
7956,1,0
7961,1,0
7962,0,1
7964,0,1
7973,0,1
7977,1,1
7978,1,0
7981,1,0
7986,0,1
7988,1,1
7990,1,1
7992,1,1
7993,1,0
7994,1,1
7998,1,1
8002,1,0
8003,1,0
8009,1,1
8012,1,0
8014,1,1
8017,1,1
8021,0,0
8022,1,0
8023,1,1
8027,1,1
8028,1,1
8029,0,0
8039,0,0
8040,0,1
8041,1,1
8042,1,1
8043,0,1
8046,0,1
8048,1,1
8056,1,1
8071,1,1
8076,1,1
8078,0,0
8084,1,1
8088,1,1
8094,1,1
8095,1,0
8099,1,1
8103,1,1
8104,1,0
8106,1,1
8109,1,1
8110,1,0
8112,1,1
8113,1,1
8116,1,1
8119,0,0
8121,0,0
8125,0,0
8127,0,1
8134,1,0
8135,0,1
8136,1,1
8138,1,0
8147,1,1
8148,1,1
8149,0,1
8151,0,0
8153,1,1
8154,1,0
8157,1,0
8159,0,0
8160,1,0
8164,1,1
8165,0,1
8166,1,1
8168,1,1
8171,0,0
8172,0,0
8176,1,1
8179,1,1
8181,1,0
8183,1,1
8188,1,1
8189,1,1
8191,1,0
8197,1,1
8198,1,0
8199,1,1
8206,1,1
8207,1,0
8208,0,0
8210,0,0
8211,1,1
8216,0,0
8221,0,0
8222,1,1
8223,0,0
8224,1,1
8226,1,1
8229,1,1
8230,1,0
8237,1,1
8247,1,1
8248,1,0
8251,1,1
8253,0,0
8254,0,0
8255,1,0
8259,1,0
8263,1,1
8264,1,1
8265,1,0
8269,1,0
8273,0,0
8276,1,0
8279,0,0
8281,1,1
8282,1,0
8283,1,0
8284,1,0
8287,1,1
8292,1,1
8303,1,0
8310,0,0
8312,1,0
8313,1,1
8314,1,1
8318,1,1
8324,0,0
8328,1,0
8332,0,0
8333,1,1
8335,1,1
8336,1,1
8339,1,1
8342,1,1
8346,1,1
8348,1,0
8349,1,1
8350,0,0
8354,1,1
8355,1,0
8359,1,0
8362,0,0
8367,1,1
8370,0,0
8373,1,1
8383,1,0
8386,1,1
8387,1,0
8388,1,0
8391,1,0
8392,0,0
8404,1,0
8409,0,1
8410,1,0
8411,1,0
8412,1,1
8415,0,1
8417,1,0
8421,1,1
8424,0,1
8428,0,0
8434,1,0
8438,1,1
8443,0,0
8444,1,0
8445,0,0
8448,1,0
8449,0,1
8454,0,1
8457,1,1
8460,1,0
8466,1,1
8467,0,1
8470,1,1
8474,0,1
8479,0,0
8480,0,0
8482,0,0
8487,1,0
8488,1,1
8489,1,1
8498,1,0
8505,1,1
8508,1,1
8510,0,0
8514,0,0
8520,1,1
8523,1,1
8532,1,1
8534,1,0
8536,1,1
8541,1,0
8548,1,0
8550,1,0
8551,1,0
8555,1,1
8557,1,0
8558,1,1
8562,1,0
8563,1,1
8565,1,0
8569,1,1
8570,1,0
8576,1,1
8579,1,1
8584,0,0
8587,1,1
8598,1,1
8604,1,1
8606,1,0
8608,1,1
8612,1,1
8613,0,0
8615,1,1
8623,1,1
8628,1,1
8630,0,0
8635,0,0
8636,1,1
8638,1,0
8639,1,0
8644,1,1
8650,1,1
8654,1,1
8658,0,1
8660,1,1
8668,1,1
8673,1,0
8679,1,1
8684,0,1
8686,1,1
8692,0,1
8796,0,1
8693,1,1
8694,1,0
8695,0,0
8696,0,1
8701,0,1
8709,1,1
8710,0,0
8713,0,0
8715,0,0
8721,1,0
8722,1,1
8723,0,0
8724,0,0
8725,0,1
8727,1,1
8728,1,0
8730,1,0
8732,0,0
8735,1,1
8738,1,1
8740,0,0
8741,0,1
8742,1,1
8743,1,1
8744,1,1
8749,0,0
8751,1,1
8752,1,0
8753,0,1
8758,1,1
8761,1,1
8762,1,0
8764,0,0
8767,1,0
8769,1,0
8770,1,1
8779,0,0
8783,1,1
8787,1,1
8794,0,1
8798,1,0
8802,1,1
8806,1,0
8808,1,1
8809,1,0
8810,1,0
8812,1,0
8813,0,0
8814,1,1
8816,0,0
8819,1,0
8820,0,0
8821,1,0
8824,1,0
8825,1,1
8827,1,1
8830,1,1
8834,1,1
8835,1,1
8837,1,1
8840,1,1
8845,1,0
8848,1,1
8852,1,1
8859,0,0
8861,1,1
8864,1,1
8866,1,0
8867,1,1
8880,1,0
8886,1,1
8888,1,0
8890,1,0
8892,1,1
8894,1,1
8895,1,1
8897,1,1
8899,0,0
8907,1,0
8911,0,0
8914,1,1
8915,1,1
8928,1,1
8932,1,0
8934,1,1
8936,1,1
8944,1,0
8952,1,1
8958,1,0
8959,0,0
8961,1,1
8963,1,1
8967,1,0
8978,1,0
8987,1,1
8997,1,1
8998,0,0
9006,1,0
9007,1,1
9010,0,0
9012,0,1
9019,1,1
9023,1,0
9025,1,0
9029,0,0
9030,1,0
9032,0,0
9039,1,0
9042,0,0
9044,1,1
9045,1,0
9047,1,1
9050,1,1
9053,1,1
9059,1,1
9064,0,0
9069,1,1
9070,0,0
9074,1,1
9075,1,0
9080,1,0
9085,0,0
9087,1,0
9088,1,1
9089,1,0
9091,1,0
9096,1,1
9099,1,1
9102,1,1
9104,1,0
9106,0,1
9107,1,1
9117,1,1
9119,0,0
9127,1,1
9132,1,0
9149,1,0
9150,1,1
9152,1,1
9160,1,1
9164,0,0
9165,1,0
9166,0,0
9180,0,1
9181,1,1
9183,1,1
9188,1,0
9191,1,1
9192,1,1
9197,1,1
9200,1,1
9201,1,0
9202,1,0
9204,0,0
9207,0,1
9212,1,0
9216,0,0
9220,1,1
9224,1,0
9227,0,0
9230,0,1
9231,1,1
9232,1,0
9234,1,1
9238,0,1
9242,1,0
9243,1,1
9245,0,0
9248,0,0
9249,1,0
9253,0,0
9257,0,1
9260,0,1
9278,0,0
9281,1,0
9283,1,1
9284,1,1
9285,1,1
9287,1,0
9288,1,0
9292,1,1
9294,1,0
9295,0,0
9296,1,0
9299,1,1
9300,1,0
9301,1,1
9303,1,1
9306,1,0
9317,1,1
9320,0,0
9322,1,1
9324,1,0
9329,1,1
9337,0,0
9338,0,0
9339,1,1
9340,1,1
9342,1,1
9344,1,1
9348,1,1
9349,1,1
9359,1,1
9368,1,1
9369,0,0
9373,1,1
9381,1,1
9386,1,1
9387,1,1
9390,1,0
9391,1,1
9392,1,1
9396,1,0
9399,1,1
9401,1,1
9404,1,0
9407,1,1
9409,0,1
9410,0,1
9411,1,0
9412,0,0
9417,1,1
9422,0,0
9423,1,0
9424,1,0
9425,1,0
9426,1,0
9430,1,1
9436,1,0
9437,1,1
9452,1,1
9453,1,1
9454,1,1
9456,0,0
9460,1,1
9461,1,1
9466,0,0
9467,1,1
9469,0,0
9470,0,1
9471,0,1
9474,1,1
9475,1,1
9478,0,1
9481,1,1
9485,1,1
9489,0,1
9491,1,0
9492,0,1
9501,1,1
9507,1,1
9508,1,1
9509,1,1
9511,1,1
9512,0,0
9519,0,0
9520,1,0
9523,1,1
9524,1,1
9529,1,0
9530,1,0
9533,1,1
9534,0,0
9535,1,0
9537,1,1
9540,0,0
9547,0,0
9561,1,1
9566,1,1
9571,0,0
9573,1,0
9574,1,1
9580,1,0
9586,0,0
9587,0,0
9593,1,0
9596,1,0
9598,1,0
9605,1,1
9611,0,1
9621,1,1
9623,1,1
9627,1,0
9634,0,0
9635,1,1
9642,0,0
9643,1,1
9645,1,0
9652,1,1
9653,0,0
9657,1,1
9658,1,1
9663,1,0
9665,1,0
9669,1,1
9670,0,0
9672,1,1
9677,0,0
9679,0,0
9681,1,0
9683,1,0
9690,1,0
9691,0,1
9694,0,1
9695,0,0
9705,1,0
9706,1,0
9712,1,0
9716,1,1
9720,1,1
9721,0,0
9724,1,1
9727,0,0
9729,0,0
9736,0,0
9749,0,0
9756,1,1
9758,1,1
9759,1,1
9760,1,0
9761,1,1
9762,1,1
9765,0,0
9770,0,0
9773,1,1
9774,1,1
9776,1,1
9781,1,0
9784,0,0
9791,1,1
9792,1,1
9795,1,1
9806,0,1
9811,1,0
9812,0,0
9813,1,1
9815,0,1
9819,1,0
9826,0,0
9829,1,1
9832,1,1
9834,1,1
9835,1,1
9841,0,0
9845,1,1
9846,0,0
9849,1,0
9854,1,0
9861,1,0
9862,1,1
9866,1,1
9869,0,0
9872,1,0
9873,1,0
9875,1,1
9876,0,1
9877,1,1
9879,0,1
9880,0,0
9881,1,0
9883,1,1
9893,1,0
9895,0,1
9902,0,0
9903,1,0
9907,1,1
9910,1,1
9911,0,0
9912,1,0
9915,1,0
9918,1,1
9921,1,0
9922,1,1
9926,0,0
9927,0,1
9931,1,0
9932,1,1
9933,0,0
9936,0,1
9940,0,0
9951,0,0
9955,1,1
9958,1,1
9962,1,1
9965,0,0
9966,1,1
9971,1,1
9972,1,0
9975,1,1
9976,1,0
9977,1,1
9982,1,0
9985,1,1
9991,1,1
9993,1,1
9995,1,1
9999,1,1
10000,0,1
10001,0,0
10003,1,0
10006,0,0
10013,1,1
10014,1,1
10015,1,1
10017,1,0
10021,1,1
10025,1,0
10026,0,0
10027,1,0
10033,1,0
10034,1,1
10035,0,1
10039,1,1
10050,1,1
10051,1,1
10054,1,1
10056,0,0
10057,1,1
10060,0,1
10063,0,1
10064,0,0
10066,1,1
10067,1,0
10071,0,0
10072,1,0
10078,1,1
10083,1,0
10088,1,1
10089,1,1
10090,1,1
10091,0,1
10093,0,0
10094,1,1
10095,1,1
10097,1,1
10104,1,0
10107,0,1
10111,0,0
10112,1,1
10116,1,1
10120,1,1
10122,0,1
10126,1,1
10128,0,1
10130,1,1
10140,1,1
10141,1,1
10142,1,1
10143,1,1
10144,0,1
10147,1,1
10152,0,0
10155,1,1
10161,1,1
10164,1,0
10168,0,0
10173,1,0
10174,1,0
10176,1,1
10177,1,0
10179,1,1
10181,0,0
10182,0,1
10185,0,0
10186,1,1
10187,1,1
10189,1,1
10196,1,1
10199,0,1
10203,1,1
10213,1,0
10220,1,0
10222,0,0
10223,1,1
10224,0,0
10226,0,0
10231,0,1
10233,0,1
10242,1,1
10244,0,0
10251,0,1
10254,1,0
10255,1,0
10261,0,1
10262,0,0
10264,1,1
10267,1,1
10273,0,0
10276,1,1
10277,1,0
10279,1,1
10290,1,0
10296,1,0
10302,0,1
10303,0,1
10304,1,0
10306,1,1
10311,0,1
10312,1,1
10315,1,1
10320,1,0
10324,0,0
10330,0,1
10334,1,1
10335,1,0
10339,1,1
10343,1,1
10346,1,1
10350,0,0
10351,0,1
10352,0,1
10353,1,1
10367,0,0
10368,1,1
10369,1,1
10373,0,0
10374,1,1
10376,0,0
10381,1,0
10382,1,1
10385,1,1
10386,1,0
10392,1,0
10397,1,0
10398,1,1
10407,1,0
10414,1,1
10416,1,1
10424,1,1
10425,1,1
10426,1,1
10428,1,1
10432,0,0
10434,1,1
10437,0,0
10441,0,0
10443,1,0
10446,1,1
10447,1,1
10448,1,1
10450,1,1
10451,1,1
10455,1,1
10461,0,0
10466,1,0
10473,1,0
10475,1,1
10478,1,1
10485,0,0
10486,0,0
10490,1,1
10492,1,1
10493,0,0
10499,1,1
10502,0,0
10508,1,1
10515,1,1
10517,0,1
10518,0,0
10533,1,1
10534,1,0
10537,1,0
10544,1,1
10550,0,0
10553,0,0
10556,1,0
10563,0,0
10565,1,1
10574,1,0
10582,0,1
10584,0,1
10590,1,1
10597,1,1
10599,1,1
10611,0,1
10613,1,0
10622,0,1
10627,1,0
10630,0,0
10632,1,1
10635,1,1
10637,0,0
10638,0,0
10640,1,1
10641,0,0
10643,1,0
10644,1,1
10649,1,1
10652,1,1
10656,1,0
10657,1,1
10658,1,1
10659,1,0
10666,1,1
10667,1,0
10671,1,0
10674,1,1
10678,0,0
10679,0,0
10681,1,0
10684,0,0
10691,1,1
10693,1,1
10694,1,0
10697,1,0
10701,1,1
10709,1,0
10712,1,1
10713,1,0
10715,0,0
10716,1,1
10718,1,0
10723,0,0
10734,1,1
10735,1,0
10740,1,1
10743,1,1
10744,1,1
10746,1,1
10751,1,1
10756,0,1
10757,1,1
10759,0,1
10760,1,1
10762,1,1
10763,0,0
10765,0,1
10767,1,0
10768,1,1
10772,0,0
10773,0,1
10779,0,0
10781,1,0
10782,1,1
10785,1,1
10790,1,1
10792,0,1
10797,1,1
10798,1,1
10800,0,0
10802,1,1
10804,0,0
10808,1,1
10811,0,1
10813,1,1
10814,0,1
10819,1,1
10823,1,1
10825,1,0
10827,1,1
10828,0,0
10831,0,0
10834,0,1
10840,1,1
10841,1,1
10842,1,0
10843,1,1
10851,1,1
10859,1,0
10861,1,1
10863,1,1
10866,1,1
10867,1,1
10874,1,1
10876,1,1
10882,1,1
10886,1,1
10890,1,0
10893,1,1
10896,0,0
11179,1,0
10904,1,1
10907,1,0
10909,1,0
10913,1,1
10914,1,1
10916,1,1
10919,1,0
10923,0,0
10924,1,1
10925,1,0
10928,1,1
10937,1,0
10938,1,1
10941,0,1
10942,1,1
10943,1,1
10951,0,0
10953,1,1
10954,1,0
10958,1,1
10960,0,0
10962,1,1
10963,1,1
10969,0,1
10971,1,1
10972,1,0
10976,1,0
10977,0,1
10978,1,1
10981,0,0
10986,1,1
10989,1,1
10996,1,1
11000,0,0
11001,1,1
11011,1,0
11013,1,1
11022,1,0
11023,1,1
11026,1,1
11032,0,0
11034,1,1
11036,1,0
11042,0,0
11044,0,1
11046,1,1
11047,1,1
11049,0,1
11055,1,0
11056,1,0
11057,1,0
11061,1,1
11064,0,0
11077,1,1
11078,0,0
11079,1,1
11080,0,0
11081,1,1
11084,0,1
11093,1,1
11096,1,1
11105,0,0
11108,1,1
11113,1,1
11115,1,1
11121,0,1
11133,1,1
11138,1,0
11139,0,1
11142,1,1
11151,0,1
11157,0,0
11161,0,0
11162,1,1
11163,1,1
11167,0,1
11171,1,1
11172,0,1
11182,1,1
11185,0,1
11188,0,1
11191,1,1
11193,1,1
11196,1,0
11197,1,0
11198,1,1
11202,1,0
11210,0,0
11215,1,1
11218,0,0
11220,1,1
11231,1,1
11232,1,0
11233,0,1
11234,1,1
11237,1,0
11239,1,1
11240,1,1
11242,1,0
11245,1,1
11252,0,0
11253,1,1
11256,1,1
11260,1,0
11261,1,1
11262,1,1
11263,1,1
11264,0,1
11265,1,1
11266,0,0
11269,1,1
11273,1,1
11274,1,1
11276,1,1
11277,1,1
11281,1,0
11287,1,1
11290,0,0
11291,1,0
11293,1,1
11298,1,1
11299,1,1
11300,1,1
11302,1,1
11308,1,1
11310,1,1
11312,1,0
11313,0,0
11315,1,1
11317,0,0
11318,1,1
11321,0,0
11322,1,1
11341,1,1
11343,1,1
11351,1,1
11352,1,1
11361,1,1
11363,1,1
11371,1,0
11372,1,0
11377,0,1
11381,1,0
11382,1,1
11386,0,0
11391,1,1
11392,0,0
11393,1,1
11397,1,1
11398,1,1
11399,0,1
11403,1,1
11405,0,0
11408,1,0
11412,0,0
11413,1,1
11414,1,1
11416,1,1
11417,1,1
11424,1,1
11427,1,1
11428,1,0
11436,1,1
11439,0,0
11440,1,0
11441,1,0
11446,1,1
11450,1,1
11455,1,1
11460,1,1
11461,1,1
11463,0,0
11466,1,0
11467,1,0
11470,0,1
11473,1,1
11474,1,0
11476,1,1
11486,1,1
11488,0,0
11490,1,1
11493,1,1
11495,1,1
11501,0,0
11502,1,1
11504,0,0
11505,0,0
11507,1,0
11514,1,1
11519,1,1
11523,1,1
11527,0,0
11528,1,0
11531,1,1
11535,1,1
11540,1,1
11542,0,0
11557,1,1
11559,1,0
11560,1,1
11566,0,0
11568,0,0
11569,1,1
11571,0,0
11573,1,0
11574,1,1
11575,1,1
11577,0,0
11581,1,1
11583,1,1
11585,0,0
11587,1,1
11591,1,1
11593,1,1
11595,1,1
11596,1,0
11598,1,1
11599,1,0
11603,0,0
11608,1,0
11609,1,1
11610,1,0
11620,1,1
11621,1,1
11625,1,1
11628,0,1
11630,1,1
11634,0,1
11637,1,1
11644,1,1
11645,1,1
11650,1,1
11652,0,0
11658,0,1
11661,1,0
11664,1,1
11667,1,1
11670,1,1
11675,0,1
11676,0,0
11677,1,0
11678,0,0
11679,1,1
11684,1,1
11686,1,1
11687,1,0
11693,0,0
11700,1,1
11702,1,1
11706,0,0
11708,0,0
11716,1,1
11718,1,0
11725,1,1
11726,0,0
11728,1,1
11741,1,1
11742,0,0
11748,1,1
11750,1,1
11751,0,0
11754,1,1
11755,1,1
11756,1,1
11760,1,0
11763,1,1
11764,1,1
11766,0,1
11770,1,1
11778,1,1
11783,1,1
11789,1,0
11792,0,0
11794,1,0
11796,1,1
11797,1,1
11801,1,0
11806,1,0
11807,1,1
11808,1,0
11809,1,1
11810,0,0
11811,1,1
11816,1,0
11817,1,1
11818,1,1
11821,1,1
11823,0,1
11824,0,1
11827,1,1
11828,0,0
11838,0,1
11840,1,0
11845,0,1
11851,1,1
11858,1,0
11863,1,1
11864,1,1
11865,1,1
11868,0,0
11870,1,1
11872,1,0
11876,1,0
11885,0,0
11888,1,1
11891,1,1
11892,0,0
11893,0,0
11895,0,0
11898,1,1
11901,1,1
11908,0,0
11910,1,0
11911,1,0
11916,1,1
11924,1,1
11931,0,1
11940,1,1
11941,0,0
11942,1,0
11946,1,1
11949,1,1
11950,1,1
11955,1,1
11964,1,1
11967,1,1
11987,1,1
11993,1,0
11997,1,0
12004,1,1
12009,1,0
12011,0,1
12015,0,0
12019,1,0
12025,1,1
12031,1,1
12032,0,0
12045,0,0
12046,1,0
12048,1,1
12049,1,1
12050,0,1
12058,1,1
12067,0,0
12068,1,1
12079,1,1
12082,1,0
12085,0,0
12086,0,0
12087,1,0
12091,1,1
12097,1,1
12098,1,1
12101,0,1
12102,1,1
12104,1,0
12109,1,1
12112,0,0
12113,0,0
12133,1,0
12139,1,0
12144,1,0
12145,1,0
12149,1,1
12150,1,1
12152,1,1
12154,1,1
12158,1,1
12159,1,0
12160,0,0
12161,0,0
12163,1,0
12166,1,0
12172,1,1
12175,1,1
12177,1,1
12178,1,1
12181,1,1
12185,1,1
12186,1,1
12189,1,1
12190,1,1
12191,0,0
12192,1,1
12194,1,1
12195,1,0
12197,1,1
12201,0,1
12203,1,1
12206,0,1
12212,0,0
12214,1,0
12217,1,1
12218,1,0
12225,0,0
12227,0,1
12240,1,1
12241,1,1
12244,0,0
12247,1,1
12248,1,1
12249,0,0
12254,1,1
12256,1,0
12257,1,1
12258,1,1
12260,1,0
12263,1,1
12266,1,1
12272,1,1
12274,1,0
12276,1,1
12278,0,0
12281,1,1
12284,1,1
12286,1,1
12288,1,1
12291,0,0
12295,1,1
12311,1,1
12328,1,1
12330,0,0
12331,0,0
12332,1,1
12337,0,1
12341,0,1
12347,1,1
12348,0,1
12351,1,1
12354,0,0
12355,0,1
12356,0,0
12363,1,1
12366,0,0
12368,1,1
12370,1,0
12375,1,1
12377,1,1
12380,0,0
12387,0,1
12391,0,1
12397,1,1
12401,0,0
12402,0,1
12409,0,1
12414,1,1
12417,1,1
12418,0,0
12419,0,0
12420,1,1
12423,1,1
12424,1,1
12429,0,1
12431,1,1
12432,1,1
12434,0,0
12439,1,1
12443,0,0
12444,0,1
12448,1,1
12455,1,1
12463,1,0
12469,0,0
12472,1,1
12473,0,0
12475,0,1
12480,1,1
12484,1,1
12491,1,1
12492,1,0
12501,0,0
12503,0,0
12504,0,0
12505,0,0
12510,1,1
12511,1,0
12512,1,0
12517,0,1
12518,0,0
12522,0,0
12526,0,0
12530,1,1
12540,1,0
12549,1,1
12552,1,1
12553,1,0
12556,1,1
12560,1,1
12563,1,1
12569,1,0
12572,1,1
12573,1,1
12574,1,0
12576,1,0
12579,0,0
12580,1,0
12587,0,0
12589,1,0
12590,1,1
12592,0,0
12596,1,1
12599,0,1
12600,0,0
12603,1,1
12604,0,1
12606,1,1
12610,1,0
12613,0,0
12623,0,0
12626,1,1
12627,0,0
12629,1,1
12633,0,0
12639,1,0
12642,0,0
12646,1,1
12648,1,1
12650,1,0
12651,1,0
12653,1,1
12658,1,1
12661,0,1
12663,1,1
12669,1,0
12673,1,0
12676,1,0
12680,1,0
12681,0,1
12683,1,1
12684,1,0
12689,0,0
12694,1,1
12697,1,0
12700,1,1
12701,1,1
12703,1,1
12706,1,0
12707,1,0
12708,1,0
12720,1,1
12722,1,0
12724,0,0
12730,0,1
12742,1,1
12748,1,1
12750,0,1
12752,0,0
12753,0,0
12756,1,1
12758,0,0
12762,0,1
12767,0,1
12774,1,1
12781,1,0
12789,1,1
12794,1,1
12798,1,1
12801,1,1
12807,1,1
12812,1,1
12813,0,0
12815,1,0
12818,1,1
12823,1,1
12824,0,0
12826,0,0
12828,1,0
12834,0,0
12836,1,0
12837,1,1
12841,1,1
12844,1,0
12845,1,0
12846,1,0
12860,1,1
12862,0,0
12868,0,1
12869,1,0
12871,1,0
12873,0,0
12874,0,1
12875,1,0
12877,1,1
12881,0,0
12883,0,1
12886,1,0
12889,1,0
12891,0,0
12893,1,1
12895,1,1
12896,1,1
12900,1,1
12904,1,1
12907,1,1
12910,1,1
12925,1,1
12931,1,1
12932,1,1
12935,0,0
12939,1,1
12941,1,1
12943,1,1
12948,0,1
12962,0,0
12964,1,1
12970,1,1
12991,0,1
12994,1,1
12998,0,0
13000,0,0
13009,1,1
13016,1,0
13018,1,0
13019,1,1
13021,0,0
13023,1,0
13024,1,0
13030,1,1
13036,1,0
13040,0,0
13042,1,1
13044,1,1
13046,1,1
13049,1,0
13052,1,1
13054,0,0
13056,1,1
13057,1,0
13059,1,0
13060,1,1
13063,1,1
13064,1,1
13067,1,0
13068,1,1
13076,1,1
13081,0,0
13083,1,1
13084,1,1
13085,1,1
13088,1,1
13089,1,0
13092,1,1
13095,1,1
13100,1,0
13103,1,1
13104,1,1
13106,1,0
13110,0,1
13114,0,0
13116,1,1
13118,1,1
13119,1,0
13120,1,0
13122,0,0
13125,0,1
13127,1,0
13131,0,0
13133,1,0
13136,0,0
13139,1,0
13141,1,0
13146,1,1
13157,1,1
13164,0,0
13165,1,1
13168,1,1
13170,0,0
13172,1,1
13179,0,0
13180,1,1
13181,1,0
13183,1,0
13184,1,0
13192,1,1
13194,0,1
13196,1,1
13204,0,1
13210,0,0
13221,1,1
13224,1,1
13226,1,1
13231,1,1
13235,0,1
13238,0,0
13240,0,0
13246,0,0
13251,1,1
13260,1,1
13264,1,1
13265,0,0
13266,1,1
13270,1,0
13272,1,1
13273,1,1
13274,0,0
13275,1,1
13278,1,1
13282,0,0
13284,1,0
13285,0,0
13290,1,1
13299,0,0
13301,0,1
13304,0,1
13307,0,0
13308,0,0
13310,1,0
13312,1,1
13320,1,1
13325,0,0
13327,0,0
13330,1,0
13332,0,1
13333,0,0
13334,1,1
13338,1,1
13339,1,1
13345,1,1
13352,1,1
13359,1,1
13362,0,1
13370,1,1
13371,1,0
13373,0,0
13375,0,0
13379,1,0
13380,1,0
13381,0,1
13385,1,0
13395,0,1
13397,1,1
13402,1,1
13403,1,0
13407,0,0
13415,1,0
13418,1,1
13424,1,1
13428,1,1
13430,1,1
13431,1,0
13438,1,0
13440,1,1
13441,0,0
13445,0,0
13450,1,1
13458,1,1
13459,1,1
13461,1,0
13467,0,0
13472,1,1
13474,1,0
13481,1,1
13482,0,0
13484,1,1
13486,1,1
13490,1,1
13492,0,1
13493,1,1
13501,1,1
13503,0,1
13507,1,1
13508,1,0
13513,1,1
13516,1,1
13520,1,0
13524,1,0
13526,1,1
13530,1,1
13531,1,0
13536,1,1
13543,1,0
13545,1,0
13550,0,1
13551,1,1
13552,1,1
13554,1,1
13560,0,0
13561,0,1
13563,1,1
13566,1,1
13573,1,0
13574,1,1
13576,0,1
13585,0,1
13590,1,0
13594,1,0
13601,1,1
13603,1,0
13604,1,0
13609,1,1
13611,1,0
13616,1,1
13618,1,0
13619,1,1
13623,1,0
13625,1,1
13629,1,1
13630,0,0
13634,0,0
13635,0,1
13639,1,0
13640,1,1
13641,1,1
13642,1,1
13646,1,1
13647,0,1
13651,1,0
13652,1,0
13656,0,0
13666,1,1
13669,1,0
13672,1,0
13674,1,1
13689,1,1
13702,1,1
13710,1,1
13724,1,1
13726,1,1
13728,0,1
13729,0,0
13732,0,0
13733,1,1
13738,1,0
13744,1,1
13745,1,1
13748,1,0
13750,1,1
13753,1,1
13758,1,1
13760,1,1
13766,1,0
13769,1,1
13770,1,0
13774,0,0
13775,1,1
13776,1,1
13778,0,0
13779,1,1
13784,1,0
13787,1,1
13791,0,0
13793,1,1
13794,1,1
13797,1,1
13798,0,0
13799,1,0
13806,1,0
13807,1,1
13808,1,1
13815,1,1
13816,1,1
13817,1,0
13818,0,0
13819,0,1
13820,0,1
13822,0,1
13823,1,1
13825,0,0
13827,1,1
13832,0,1
13836,1,1
13838,1,0
13842,1,1
13843,0,0
13847,1,1
13848,1,0
13856,1,1
13858,0,0
13861,1,1
13867,1,0
13872,0,0
13874,1,1
13875,1,1
13885,0,1
13887,1,1
13888,1,1
13889,0,0
13894,1,1
13896,1,1
13900,1,1
13901,1,0
13902,1,1
13910,1,1
13915,0,0
13916,1,1
13919,0,0
13924,1,1
13926,1,0
13929,1,1
13930,1,1
13933,1,0
13935,1,1
13937,0,1
13939,0,0
13941,1,1
13947,1,0
13949,1,1
13953,1,1
13955,1,0
13958,1,1
13963,1,1
13967,1,1
13969,1,1
13973,0,0
13979,1,1
13981,1,0
13983,1,1
13988,1,1
13992,1,1
13998,1,0
13999,0,1
14001,1,1
14005,0,1
14006,0,0
14008,1,0
14011,0,0
14018,1,1
14020,1,1
14026,1,1
14032,0,1
14033,1,1
14034,0,1
14035,1,1
14038,1,1
14040,1,1
14045,1,1
14046,1,1
14048,1,1
14049,0,1
14057,0,0
14059,1,0
14063,0,0
14064,1,0
14066,1,1
14071,1,0
14074,1,1
14076,0,1
14080,1,1
14083,1,1
14084,1,0
14093,1,1
14098,0,1
14102,1,0
14104,0,0
14110,1,0
14114,0,0
14118,1,1
14123,0,0
14127,1,1
14130,0,1
14135,1,0
14139,0,0
14147,1,0
14148,0,0
14160,1,0
14161,1,1
14162,1,0
14168,1,0
14169,1,0
14177,1,1
14178,0,0
14181,0,1
14184,1,1
14186,1,1
14187,0,1
14192,1,1
14195,1,1
14196,0,1
14197,0,0
14199,1,0
14204,0,0
14205,1,0
14206,0,0
14210,1,1
14212,1,1
14214,0,0
14220,1,1
14234,1,0
14240,1,0
14243,1,0
14244,0,1
14247,1,1
14251,0,0
14254,1,1
14256,1,1
14261,1,1
14262,0,0
14266,1,1
14268,1,0
14272,0,1
14277,1,1
14278,1,1
14283,0,0
14285,0,1
14287,1,1
14289,1,1
14292,1,1
14295,0,0
14299,0,0
14304,0,1
14307,1,1
14309,1,0
14310,1,1
14315,1,0
14317,1,1
14320,1,1
14323,0,1
14324,0,0
14329,1,1
14331,1,1
14336,1,1
14342,0,0
14350,1,1
14351,0,1
14353,0,1
14354,0,0
14358,1,1
14359,0,0
14361,1,1
14365,1,0
14367,1,1
14369,1,0
14373,1,1
14380,1,0
14381,1,0
14382,0,0
14394,1,1
14399,1,1
14402,1,0
14403,0,0
14405,1,1
14411,1,1
14412,1,1
14416,1,0
14419,0,0
14421,1,1
14423,1,0
14429,0,0
14432,1,1
14433,0,0
14435,1,0
14436,1,1
14446,1,1
14450,0,0
14454,1,0
14456,1,1
14458,0,0
14464,0,1
14465,0,0
14467,1,0
14475,0,0
14482,1,1
14483,1,1
14485,1,1
14491,0,1
14495,1,1
14504,0,0
14508,1,1
14510,0,0
14514,1,1
14517,1,1
14519,1,1
14523,1,1
14529,1,1
14530,1,1
14531,1,0
14534,1,1
14536,1,1
14537,1,1
14538,1,1
14543,0,1
14549,1,1
14552,1,1
14554,1,1
14557,1,1
14566,1,0
14568,1,0
14573,0,0
14574,0,0
14575,0,0
14576,0,0
14578,0,0
14579,0,1
14580,0,0
14583,1,1
14590,0,0
14594,1,1
14597,1,1
14603,1,1
14606,1,0
14607,1,1
14611,1,1
14612,1,1
14618,1,1
14620,1,1
14621,1,0
14622,0,0
14634,1,1
14636,1,1
14645,1,1
14648,1,1
14652,1,1
14658,0,0
14662,1,1
14664,1,1
14665,1,0
14668,0,1
14670,1,1
14672,1,1
14680,1,1
14681,1,1
14682,1,0
14685,1,1
14690,0,0
14692,1,0
14694,1,1
14701,1,1
14702,1,1
14704,0,0
14707,0,1
14711,0,0
14712,1,0
14716,1,0
14718,0,0
14723,1,1
14728,1,0
14730,1,0
14731,1,0
14734,1,1
14738,1,1
14741,1,1
14754,0,0
14755,1,1
14756,0,0
14758,1,1
14763,0,0
14767,1,0
14770,1,1
14774,1,1
14776,1,0
14781,0,1
14782,1,1
14784,1,1
14788,0,1
14791,1,1
14793,1,1
14795,1,1
14796,0,0
14797,1,1
14798,1,1
14803,1,1
14804,1,1
14814,0,0
14819,1,1
14825,1,1
14826,1,1
14828,1,1
14830,1,0
14837,1,1
14844,1,1
14847,0,0
14851,1,1
14855,1,1
14863,1,0
14865,0,0
14869,1,1
14871,0,1
14880,0,1
14881,0,0
14889,1,1
14890,1,1
14896,0,0
14903,0,0
14914,1,1
14916,1,1
14921,1,0
14922,1,1
14925,1,0
14927,1,1
14929,1,1
14931,1,1
14937,1,1
14938,1,0
14939,1,1
14940,1,0
14944,1,0
14948,1,1
14951,0,0
14953,0,1
14954,1,1
14964,1,1
14967,1,1
14969,1,1
14970,0,0
14971,1,1
14973,1,1
14986,0,0
14987,1,1
14988,1,0
14990,1,0
14991,1,1
14993,1,1
14997,1,0
15002,1,1
15005,0,0
15007,0,0
15009,1,1
15011,1,0
15012,0,1
15017,1,1
15023,1,0
15027,1,1
15028,1,1
15030,1,1
15041,1,0
15046,0,1
15047,1,1
15053,1,1
15054,1,1
15057,1,1
15058,0,0
15059,1,0
15061,0,1
15065,1,1
15070,1,1
15076,1,1
15079,1,1
15084,1,1
15086,0,0
15087,1,1
15097,0,0
15100,0,0
15104,1,1
15110,0,1
15117,0,1
15118,1,1
15121,1,1
15128,0,1
15130,0,0
15131,1,0
15132,0,0
15135,1,1
15139,1,1
15146,1,1
15150,1,0
15152,1,1
15162,1,0
15163,1,0
15167,1,1
15172,0,1
15175,1,1
15182,1,1
15185,1,1
15188,1,0
15195,1,1
15200,1,1
15203,1,1
15207,0,1
15210,0,0
15217,1,0
15219,1,1
15220,1,0
15221,1,0
15230,1,1
15236,0,1
15239,1,0
15243,1,1
15244,0,1
15251,1,0
15254,1,1
15267,0,0
15269,0,0
15272,0,0
15274,1,1
15283,1,0
15284,1,1
15288,1,1
15297,1,1
15300,0,1
15302,1,1
15303,0,0
15304,1,0
15307,0,0
15309,1,0
15322,1,1
15327,1,1
15330,1,1
15331,1,0
15333,1,1
15337,1,0
15339,1,1
15343,1,1
15344,1,1
15345,1,1
15347,0,0
15350,0,0
15353,1,1
15359,1,0
15364,1,0
15369,0,0
15375,1,1
15377,0,0
15378,1,0
15381,1,1
15383,1,0
15384,1,1
15388,1,1
15393,1,1
15394,1,1
15395,0,1
15400,0,1
15404,1,1
15408,1,0
15410,1,1
15411,1,1
15412,1,1
15414,1,1
15415,1,1
15416,1,1
15420,0,1
15421,1,1
15422,0,0
15423,0,1
15428,1,0
15429,1,0
15433,1,0
15438,1,0
15442,0,1
15447,1,0
15448,1,1
15453,1,0
15460,1,1
15463,0,0
15464,1,1
15465,1,1
15466,0,1
15468,1,1
15476,1,1
15478,1,0
15479,0,0
15480,1,1
15483,0,0
15486,1,1
15488,1,0
15491,1,1
15496,0,0
15499,1,1
15503,1,1
15508,1,1
15509,1,1
15510,1,0
15516,1,1
15517,1,1
15518,0,1
15519,1,1
15522,1,0
15523,1,1
15524,1,1
15525,1,1
15528,0,1
15529,0,0
15532,1,0
15536,1,1
15545,0,0
15546,1,1
15547,0,0
15560,0,0
15561,1,1
15562,1,0
15563,0,0
15564,1,1
15578,1,1
15582,1,1
15589,0,0
15590,0,0
15592,1,0
15595,1,1
15597,0,0
15600,0,1
15605,1,1
15611,1,1
15615,1,1
15630,0,0
15632,1,1
15637,0,1
15640,0,0
15646,1,0
15647,1,1
15648,1,0
15649,0,0
15650,1,1
15651,0,0
15652,1,1
15656,1,1
15658,1,1
15660,1,1
15661,1,1
15666,1,1
15667,1,1
15670,0,0
15673,0,0
15674,0,0
15679,1,1
15684,1,0
15694,1,1
15698,1,1
15704,0,0
15706,1,0
15707,1,1
15710,0,0
15711,1,1
15718,1,1
15719,1,1
15720,1,1
15727,0,0
15733,1,0
15736,0,1
15743,1,1
15745,1,1
15756,0,0
15763,1,1
15766,1,1
15767,1,1
15775,1,0
15776,0,1
15780,1,1
15784,1,1
15786,1,0
15790,1,1
15791,1,0
15798,0,0
15799,1,1
15805,0,1
15808,0,1
15810,1,1
15812,1,1
15813,1,0
15814,1,1
15815,1,1
15818,0,0
15819,1,1
15823,1,1
15825,1,1
15826,1,1
15828,1,0
15833,1,1
15841,0,1
15843,1,1
15844,1,0
15846,1,1
15858,1,0
15862,1,1
15863,1,1
15865,0,0
15866,1,1
15868,1,0
15871,1,1
15872,1,0
15874,0,0
15875,1,0
15876,0,1
15881,1,1
15884,0,0
15889,0,0
15891,0,0
15893,1,1
15894,1,1
15897,1,1
15900,1,1
15903,0,1
15905,1,1
15908,1,1
15911,0,0
15912,1,1
15914,1,1
15917,1,1
15920,0,0
15921,1,1
15928,0,0
15931,1,1
15932,1,1
15939,1,0
15944,1,1
15951,0,0
15958,1,1
15959,0,0
15960,1,1
15968,0,0
15978,1,1
15979,1,1
15988,1,1
15990,0,0
15992,1,1
15994,0,0
15999,1,1
16000,0,0
16001,1,0
16002,0,0
16003,1,1
16007,1,0
16014,0,1
16017,1,1
16018,1,1
16020,1,1
16021,0,1
16031,0,0
16033,0,1
16040,1,1
16053,1,1
16057,1,1
16060,1,1
16065,0,0
16076,1,1
16078,0,1
16079,0,0
16086,1,1
16087,1,1
16088,1,1
16089,1,1
16091,1,0
16095,1,1
16105,1,1
16119,0,1
16121,1,1
16122,0,0
16123,1,1
16127,0,0
16129,1,1
16131,0,0
16135,0,0
16140,1,1
16145,1,1
16149,0,0
16153,1,0
16156,1,1
16158,1,1
16164,1,0
16170,1,1
16172,1,1
16176,0,0
16179,1,1
16183,0,0
16190,0,0
16192,1,1
16194,1,1
16196,0,0
16202,1,1
16203,1,0
16229,1,0
16231,1,1
16234,1,0
16237,1,1
16241,1,1
16243,0,1
16249,1,0
16254,1,0
16259,1,1
16260,1,1
16261,0,1
16263,1,1
16265,1,0
16271,1,0
16273,1,1
16275,0,0
16276,0,0
16280,1,0
16291,1,0
16293,1,1
16294,1,0
16301,0,0
16302,0,0
16305,1,1
16306,1,1
16307,0,0
16313,0,1
16315,1,1
16317,0,0
16320,0,0
16324,1,0
16326,1,0
16332,1,1
16336,1,0
16339,1,1
16346,1,0
16350,0,0
16359,0,0
16364,1,1
16365,1,1
16367,1,1
16368,1,0
16370,1,0
16373,1,1
16379,1,1
16381,1,1
16386,1,1
16390,1,0
16392,0,0
16395,0,0
16401,1,0
16406,0,1
16407,0,1
16408,1,1
16411,1,1
16412,1,1
16414,0,1
16418,1,1
16423,0,0
16428,0,1
16434,0,1
16436,1,0
16438,1,1
16448,1,1
16452,1,1
16458,0,0
16469,1,1
16470,1,0
16471,1,1
16473,1,0
16474,1,0
16476,1,1
16480,1,1
16482,1,1
16487,1,0
16488,0,1
16489,0,0
16493,1,1
16495,1,0
16497,0,0
16507,0,1
16514,1,1
16515,1,1
16518,1,1
16521,1,1
16524,1,0
16531,0,0
16536,1,0
16543,1,1
16544,1,1
16547,1,1
16550,1,1
16562,1,1
16563,1,0
16564,1,0
16566,1,1
16567,0,1
16568,1,1
16569,1,0
16574,1,1
16575,1,1
16580,0,0
16582,0,0
16584,1,1
16586,1,1
16587,0,1
16592,1,0
16594,1,1
16596,0,1
16597,0,1
16598,1,1
16600,0,0
16605,1,1
16609,1,0
16611,0,1
16612,1,1
16613,1,1
16614,1,1
16620,0,0
16629,1,0
16636,0,1
16640,1,0
16642,0,0
16643,1,1
16646,1,1
16648,1,1
16656,0,0
16658,0,1
16659,1,1
16668,1,1
16677,1,0
16682,0,0
16686,1,1
16687,0,0
16689,0,1
16691,1,1
16695,1,1
16698,1,1
16700,1,1
16701,1,1
16706,1,0
16711,0,0
16715,1,1
16719,1,1
16721,0,0
16728,0,0
16736,1,1
16741,0,1
16742,1,1
16744,1,0
16747,0,1
16749,1,1
16750,1,1
16751,0,1
16753,1,1
16755,0,0
16757,1,1
16761,1,0
16764,1,1
16767,1,0
16771,1,1
16773,1,0
16776,1,0
16783,1,1
16785,0,0
16790,1,0
16792,0,0
16793,1,1
16794,1,1
16795,1,0
16798,0,1
16823,0,0
16825,0,0
16827,1,1
16831,0,0
16834,1,0
16844,1,1
16847,1,1
16855,1,1
16858,0,0
16859,1,0
16861,0,0
16866,0,0
16869,1,0
16870,1,1
16873,0,0
16874,1,1
16876,1,1
16877,1,0
16880,0,0
16883,1,0
16892,1,1
16893,1,1
16895,0,0
16896,1,1
16897,0,0
16899,0,0
16900,1,1
16904,1,0
16906,1,0
16910,1,0
16916,1,1
16917,0,0
16918,1,1
16920,1,1
16922,1,0
16924,1,1
16926,0,0
16928,0,0
16929,1,0
16941,1,1
16954,0,1
16960,1,1
16961,1,1
16962,0,1
16970,1,1
16973,1,1
16978,0,0
16981,0,0
16982,1,1
16985,0,0
16990,1,1
16991,1,0
16993,1,0
16994,1,1
16995,1,1
16996,1,0
16997,0,0
17001,1,1
17005,0,0
17007,0,1
17012,1,1
17018,0,0
17020,1,0
17024,1,1
17027,0,0
17028,1,1
17031,1,1
17039,1,1
17041,1,1
17046,1,1
17049,1,1
17053,1,0
17058,0,0
17059,0,0
17064,0,0
17065,0,0
17067,1,1
17069,0,1
17072,0,1
17076,1,1
17078,0,1
17079,1,1
17080,0,1
17081,1,1
17083,1,1
17089,0,0
17091,1,1
17097,0,1
17098,0,0
17104,1,1
17111,0,1
17114,1,1
17119,0,0
17124,1,1
17127,0,0
17128,0,0
17135,0,0
17136,0,0
17139,0,0
17142,1,1
17144,1,1
17147,1,1
17151,0,0
17160,1,1
17162,1,0
17166,1,1
17167,1,0
17169,0,1
17170,0,0
17174,1,0
17177,1,1
17178,0,0
17183,0,1
17189,1,0
17192,1,0
17199,1,1
17201,1,1
17202,0,0
17206,1,1
17214,1,1
17215,0,1
17220,0,0
17221,1,1
17226,0,1
17230,1,1
17238,1,1
17239,1,1
17243,0,0
17244,1,1
17245,1,0
17248,1,1
17251,1,0
17256,1,1
17260,0,0
17261,1,0
17264,1,0
17266,0,0
17269,1,1
17270,1,1
17271,0,0
17273,0,0
17275,0,0
17278,1,1
17281,1,1
17283,1,1
17284,0,0
17285,1,1
17289,1,1
17300,0,0
17305,1,0
17310,1,1
17313,1,1
17315,1,1
17317,1,1
17319,1,0
17322,0,1
17323,1,0
17327,1,1
17330,1,0
17332,1,0
17333,1,0
17334,0,0
17338,1,0
17342,0,0
17343,1,0
17345,1,0
17352,1,0
17353,1,1
17355,1,0
17361,1,0
17365,1,1
17368,1,1
17370,1,1
17378,1,1
17379,1,0
17382,0,1
17383,1,0
17385,1,1
17386,0,1
17390,0,1
17391,1,1
17399,1,1
17400,1,1
17408,1,1
17414,0,0
17420,0,0
17426,0,0
17431,1,1
17435,1,0
17436,1,1
17440,1,1
17448,1,1
17449,1,1
17452,1,1
17454,1,1
17455,1,0
17456,1,0
17458,1,1
17460,1,0
17461,1,0
17464,1,1
17465,1,1
17468,1,0
17477,1,1
17482,1,0
17483,1,1
17486,1,1
17492,0,0
17494,1,0
17499,1,1
17501,1,1
17502,0,0
17506,0,1
17509,1,1
17515,1,1
17518,1,0
17519,0,1
17526,1,1
17528,1,1
17535,0,0
17539,0,1
17540,1,1
17542,1,1
17565,0,1
17571,1,1
17576,1,1
17583,1,1
17588,0,1
17592,0,1
17594,1,1
17595,1,1
17596,0,0
17600,0,0
17604,1,0
17606,1,1
17608,1,1
17610,1,1
17612,1,1
17615,0,0
17618,0,0
17622,1,1
17627,0,1
17628,1,0
17636,1,1
17637,0,0
17641,1,1
17642,0,0
17646,1,1
17648,1,1
17650,1,1
17652,1,1
17653,0,0
17669,0,1
17670,1,1
17678,1,1
17680,1,0
17689,1,1
17693,1,0
17695,1,1
17698,1,0
17699,1,1
17709,1,0
17715,1,1
17717,0,0
17719,1,1
17737,1,1
17743,1,0
17745,0,1
17748,1,0
17752,0,1
17754,1,0
17756,1,0
17763,1,0
17764,1,1
17767,1,1
17768,1,1
17770,1,1
17772,1,1
17774,0,0
17775,0,0
17778,1,1
17781,1,1
17782,1,1
17783,1,1
17786,1,0
17789,0,0
17790,1,0
17791,1,0
17792,0,0
17796,0,0
17802,0,1
17805,1,1
17807,0,1
17811,1,1
17815,0,1
17820,1,1
17821,1,0
17824,0,1
17826,1,0
17828,1,1
17836,1,0
17837,1,1
17846,1,1
17848,1,1
17859,1,1
17862,1,1
17864,1,1
17866,0,1
17877,1,0
17878,1,0
17881,1,1
17882,1,0
17885,1,1
17887,0,0
17890,0,0
17891,1,0
17896,1,1
17898,1,1
17909,1,1
17911,1,1
17922,1,1
17923,1,0
17929,1,1
17931,1,1
17932,1,1
17933,0,0
17935,0,0
17945,1,1
17947,1,0
17948,1,1
17950,1,0
17954,0,1
17962,0,0
17966,1,1
17969,1,1
17982,0,0
17990,0,0
17993,1,0
17995,1,1
17997,1,0
18001,0,0
18002,1,1
18008,1,1
18009,1,0
18011,1,1
18014,1,1
18015,1,1
18016,0,0
18017,1,1
18020,1,1
18021,1,1
18024,0,0
18027,0,1
18028,1,0
18038,1,0
18042,1,0
18050,1,0
18051,0,0
18052,1,1
18054,0,0
18055,1,0
18057,1,1
18069,0,1
18074,1,0
18077,0,0
18080,1,0
18081,0,1
18084,1,0
18088,1,1
18095,0,0
18099,1,1
18100,1,0
18103,0,1
18111,1,1
18114,1,1
18119,1,1
18133,0,0
18135,1,1
18136,1,0
18141,1,0
18147,1,1
18150,0,0
18173,0,0
18175,1,1
18177,0,0
18183,1,1
18184,0,0
18190,1,0
18201,0,0
18205,1,1
18207,1,1
18209,1,1
18222,1,1
18224,0,0
18226,0,1
18231,1,0
18233,1,0
18234,1,1
18238,0,0
18240,0,1
18248,0,0
18249,1,0
18250,1,1
18258,1,1
18266,1,1
18273,1,1
18275,1,1
18279,1,1
18280,1,1
18282,1,1
18283,1,1
18284,1,0
18285,1,1
18287,1,1
18292,1,1
18293,1,1
18296,1,1
18299,1,1
18301,1,1
18304,0,1
18305,0,0
18307,1,0
18312,1,1
18326,1,0
18328,1,0
18331,1,1
18333,1,1
18334,1,1
18337,0,0
18339,1,1
18340,1,0
18341,1,1
18342,1,1
18345,0,0
18352,0,1
18354,1,1
18360,1,1
18362,1,1
18363,1,0
18364,1,1
18373,1,0
18374,1,1
18375,1,1
18376,1,1
18377,1,1
18378,0,1
18380,1,1
18381,0,0
18384,0,0
18391,1,0
18395,1,1
18396,0,0
18410,0,1
18411,0,1
18414,1,1
18416,1,1
18419,1,0
18420,1,1
18422,1,1
18426,1,1
18440,0,1
18443,1,0
18446,1,1
18450,1,1
18451,1,1
18463,1,1
18471,1,1
18472,0,0
18474,1,1
18475,1,1
18488,0,0
18489,1,1
18493,1,1
18497,1,1
18498,1,1
18502,0,1
18504,1,0
18508,1,1
18509,1,1
18510,0,0
18511,1,1
18512,1,1
18517,1,0
18520,1,0
18532,1,1
18556,1,1
18557,0,1
18560,0,1
18562,1,1
18563,1,0
18564,1,1
18566,1,1
18567,1,1
18568,1,1
18572,1,1
18573,1,1
18578,1,1
18583,0,1
18585,1,0
18587,1,1
18595,0,0
18597,1,0
18598,0,0
18599,1,1
18605,0,0
18609,1,1
18622,1,1
18628,1,1
18641,0,1
18648,0,1
18649,0,0
18650,1,1
18653,1,0
18654,0,1
18659,1,1
18660,1,1
18661,1,1
18667,1,1
18669,1,0
18675,1,0
18681,1,0
18683,0,0
18688,1,1
18693,0,0
18697,1,1
18698,0,0
18700,1,1
18701,0,1
18702,0,1
18707,1,1
18709,1,1
18714,1,1
18717,1,1
18721,1,0
18725,1,1
18726,0,1
18727,1,1
18728,1,1
18730,1,0
18745,1,1
18753,1,1
18754,1,0
18765,0,0
18768,1,0
18912,1,1
18770,1,0
18771,1,1
18774,0,0
18775,1,1
18779,0,1
18780,1,1
18781,1,1
18793,0,1
18795,0,1
18796,1,0
18801,0,0
18802,1,1
18806,1,1
18810,1,0
18815,0,0
18817,1,0
18818,1,0
18819,1,1
18821,1,1
18824,1,1
18831,1,1
18836,0,1
18837,1,0
18844,0,1
18847,1,0
18853,0,1
18863,1,1
18868,1,0
18879,0,1
18890,0,1
18891,1,1
18892,1,1
18894,0,0
18898,1,1
18899,0,1
18900,1,1
18902,0,0
18904,1,1
18907,1,1
18908,1,0
18909,1,0
18916,1,1
18922,1,1
18926,0,1
18932,1,1
18934,1,0
18944,0,1
18945,1,1
18950,0,0
18951,1,1
18956,1,0
18960,1,1
18963,1,1
18966,1,1
18967,0,0
18968,1,1
18970,1,1
18974,1,1
18979,0,0
18982,1,1
18985,1,0
18986,0,1
18988,1,1
18997,0,0
18998,1,1
19000,1,1
19008,1,1
19012,1,1
19013,0,0
19015,1,1
19016,1,1
19022,0,0
19026,1,1
19028,1,1
19029,0,1
19037,0,0
19040,1,0
19043,0,0
19048,1,1
19050,0,1
19056,1,0
19058,1,0
19064,0,0
19068,0,0
19070,0,1
19073,1,1
19076,1,1
19078,0,1
19080,0,0
19082,0,0
19085,0,0
19089,1,1
19090,1,1
19091,1,1
19101,1,1
19106,1,1
19107,1,0
19108,0,0
19118,1,1
19140,0,0
19146,1,1
19149,1,0
19151,1,0
19154,1,1
19155,1,1
19158,0,0
19165,1,1
19168,1,1
19169,0,0
19172,0,1
19174,1,1
19179,1,1
19180,1,1
19188,0,1
19194,1,1
19198,1,1
19200,0,0
19205,1,1
19215,1,1
19218,1,1
19219,1,1
19220,1,1
19226,1,1
19231,1,0
19237,1,1
19243,0,0
19244,0,0
19245,0,1
19252,1,1
19254,0,0
19260,1,1
19263,1,1
19270,1,0
19271,0,1
19272,1,1
19274,0,1
19279,1,0
19284,0,1
19285,0,0
19289,0,0
19291,0,1
19297,0,1
19298,0,0
19299,1,1
19300,0,0
19305,1,0
19308,0,0
19309,1,1
19312,1,1
19313,0,1
19321,1,1
19323,0,0
19324,1,1
19329,1,1
19331,1,1
19338,1,1
19339,1,1
19341,1,1
19342,0,0
19343,1,1
19344,1,1
19351,0,0
19361,1,1
19365,0,0
19370,0,1
19374,0,1
19375,1,1
19383,1,0
19384,1,0
19385,1,1
19386,1,0
19388,1,0
19389,1,1
19397,0,0
19402,1,1
19407,0,1
19414,1,0
19415,1,1
19420,1,1
19425,1,0
19427,1,1
19431,1,1
19434,1,1
19435,1,1
19439,0,0
19443,1,0
19449,1,1
19452,0,0
19456,0,0
19466,1,0
19483,0,0
19485,0,0
19492,1,1
19497,0,0
19500,1,1
19502,0,0
19505,0,1
19511,0,0
19514,1,0
19518,1,1
19519,0,0
19520,0,1
19522,1,1
19525,1,1
19527,0,1
19528,0,0
19529,0,0
19534,1,0
19536,1,1
19546,0,0
19548,1,1
19549,0,0
19553,1,1
19554,0,1
19555,1,1
19556,1,1
19559,0,1
19561,1,0
19562,1,0
19565,0,0
19566,0,0
19574,1,0
19578,0,0
19580,1,1
19581,0,0
19587,1,1
19590,1,1
19591,1,1
19594,1,1
19595,1,1
19597,0,1
19599,0,0
19613,0,0
19615,0,1
19617,0,0
19622,1,1
19626,0,0
19631,0,0
19641,1,1
19643,0,1
19644,0,0
19647,1,1
19653,1,1
19658,1,0
19660,0,0
19667,0,0
19671,1,0
19673,1,1
19675,0,0
19679,1,0
19682,0,0
19685,1,1
19686,1,1
19688,0,0
19697,1,0
19708,1,1
19710,1,1
19711,1,1
19712,1,1
19715,1,1
19719,1,1
19722,1,1
19724,0,0
19729,1,1
19734,0,0
19736,1,1
19742,1,1
19752,1,1
19753,1,1
19755,0,0
19761,1,0
19765,1,1
19768,1,1
19774,1,1
19777,1,1
19778,0,0
19781,1,1
19782,0,0
19789,0,0
19790,1,1
19793,0,1
19796,1,0
19803,0,0
19804,1,1
19808,0,0
19810,1,1
19836,1,0
19838,0,0
19842,0,0
19844,0,1
19845,1,0
19847,0,1
19848,0,0
19854,1,1
19857,1,1
19859,0,0
19868,1,0
19877,1,1
19878,1,0
19881,1,1
19886,0,0
19887,1,1
19892,0,0
19898,1,0
19908,0,0
19909,0,0
19911,0,1
19912,1,1
19915,0,0
19924,1,0
19926,1,1
19931,0,0
19932,1,1
19934,1,1
19938,1,0
19940,0,0
19943,1,1
19944,0,1
19946,0,0
19947,1,1
19951,0,0
19955,1,1
19965,0,0
19966,0,0
19970,1,0
19973,1,1
19975,0,1
19985,0,0
19989,0,0
19993,1,0
19996,0,0
20000,1,0
20003,1,0
20004,0,0
20005,0,0
20008,1,1
20011,1,1
20016,0,1
20018,1,1
20019,1,0
20024,0,0
20027,0,0
20045,1,0
20049,0,0
20053,0,0
20054,1,0
20057,0,0
20077,0,1
20088,1,0
20093,1,1
20096,0,0
20099,0,0
20100,1,1
20106,1,1
20109,0,0
20110,0,0
20119,1,0
20121,1,1
20128,0,1
20130,1,1
20132,1,1
20135,0,0
20137,0,0
20138,1,1
20142,0,1
20147,1,0
20164,1,1
20165,0,1
20175,1,1
20181,1,1
20187,1,0
20189,1,0
20191,1,1
20200,1,1
20201,1,1
20202,0,0
20207,1,0
20208,1,0
20209,0,0
20212,1,1
20213,0,0
20216,1,1
20217,1,1
20219,0,1
20224,1,1
20235,0,0
20239,1,0
20241,1,1
20242,1,1
20250,1,1
20251,0,0
20252,1,1
20256,0,0
20259,0,0
20260,1,0
20262,1,1
20266,0,0
20270,1,1
20271,1,1
20274,1,1
20275,0,1
20277,0,0
20278,0,0
20279,1,0
20282,1,1
20286,1,1
20288,1,0
20289,0,0
20292,0,0
20297,1,0
20300,0,0
20301,0,0
20303,1,1
20304,0,1
20316,1,1
20320,1,1
20321,1,1
20325,0,0
20328,1,0
20330,1,1
20334,1,1
20338,1,0
20341,1,0
20348,0,1
20354,0,0
20356,1,1
20363,0,1
20366,1,1
20367,0,1
20368,1,0
20383,1,1
20385,0,1
20388,1,1
20393,0,1
20396,0,1
20397,0,0
20400,1,1
20403,1,1
20407,1,0
20409,1,1
20415,0,0
20417,0,1
20418,1,0
20425,1,1
20427,1,1
20428,0,0
20430,1,1
20433,1,0
20436,1,0
20441,0,0
20456,1,1
20461,0,1
20462,1,1
20466,0,0
20469,1,1
20481,0,1
20485,1,1
20486,1,0
20491,0,0
20493,0,0
20496,0,0
20502,0,0
20506,0,0
20507,0,0
20509,0,0
20510,1,1
20511,0,0
20515,0,1
20516,0,0
20519,0,0
20527,1,0
20528,0,0
20532,1,1
20538,1,1
20540,0,0
20542,0,0
20543,0,0
20546,1,1
20547,1,1
20549,1,0
20550,1,1
20557,1,0
20558,1,1
20561,1,0
20563,1,1
20570,1,0
20575,0,0
20577,1,1
20582,0,0
20584,0,1
20586,0,1
20587,0,1
20592,1,1
20595,1,1
20596,1,1
20599,1,1
20603,1,1
20606,0,0
20613,1,0
20618,1,0
20619,0,0
20621,1,1
20624,1,1
20629,0,0
20635,1,1
20636,1,0
20640,1,1
20642,1,1
20648,1,1
20655,0,0
20656,0,0
20657,0,0
20660,1,1
20661,0,0
20662,0,1
20663,0,1
20664,0,0
20668,1,0
20669,1,0
20671,1,1
20690,1,1
20695,1,0
20696,0,1
20699,1,1
20700,0,0
20703,1,1
20706,1,1
20709,0,1
20715,0,1
20716,0,0
21035,1,1
20720,1,1
20725,0,1
20726,0,1
20730,0,0
20732,0,0
20737,1,1
20738,0,0
20741,0,0
20745,1,0
20746,0,0
20747,1,0
20753,1,1
20761,0,0
20762,0,1
20763,1,1
20764,0,0
20765,1,0
20768,0,0
20769,0,1
20774,0,1
20776,1,1
20778,1,1
20780,0,1
20781,0,0
20783,1,0
20784,1,0
20793,1,1
20796,1,1
20797,0,0
20816,1,1
20821,0,1
20822,0,0
20826,0,0
20829,0,0
20841,1,1
20843,0,0
20863,1,1
20866,1,0
20874,1,1
20877,1,1
20878,1,0
20879,1,0
20882,1,1
20884,1,0
20888,1,1
20902,1,1
20908,1,0
20911,1,1
20914,1,0
20916,1,1
20920,1,0
20923,1,0
20925,1,1
20927,1,1
20929,1,1
20931,1,0
20939,1,0
20940,1,1
20954,1,1
20958,1,0
20959,1,1
20964,0,1
20969,1,1
20972,1,1
20974,1,1
20975,1,0
20993,0,0
20998,1,0
20999,1,1
21004,1,1
21007,1,1
21010,1,0
21012,1,1
21018,1,1
21025,1,1
21026,1,1
21034,0,0
21041,1,0
21044,1,0
21048,1,1
21050,1,1
21051,0,1
21052,0,1
21054,0,1
21056,0,0
21060,1,1
21063,1,1
21064,0,1
21072,1,1
21074,1,0
21075,1,1
21076,0,1
21078,1,1
21079,1,1
21080,1,1
21081,1,0
21082,0,0
21084,1,0
21090,1,1
21093,1,1
21098,1,1
21100,1,1
21101,1,1
21102,1,1
21105,1,0
21110,1,0
21115,0,0
21118,1,1
21122,1,1
21123,1,1
21125,1,1
21128,1,1
21136,1,0
21138,1,0
21150,1,0
21151,1,1
21153,1,1
21158,1,1
21159,1,1
21162,1,0
21163,1,1
21164,1,0
21165,1,0
21168,1,1
21170,1,1
21174,0,1
21177,1,1
21178,1,1
21179,1,1
21180,1,1
21181,1,1
21185,1,1
21188,1,1
21190,0,0
21191,1,1
21194,1,1
21196,0,1
21199,1,0
21200,0,1
21205,0,1
21206,1,1
21223,0,0
21236,1,1
21237,1,1
21238,1,1
21240,1,1
21247,0,1
21254,1,1
21256,0,0
21262,1,1
21264,1,1
21271,0,1
21277,0,1
21278,1,1
21280,1,1
21282,1,0
21290,1,1
21292,1,1
21293,1,1
21299,1,1
21302,1,1
21303,1,0
21304,1,0
21305,1,1
21306,1,0
21311,0,1
21316,1,1
21317,1,1
21318,1,1
21326,1,0
21331,1,1
21339,1,1
21347,0,0
21351,1,0
21352,1,1
21360,0,1
21362,1,0
21371,1,0
21372,1,0
21380,1,0
21386,1,0
21387,1,1
21388,1,1
21389,1,1
21390,1,0
21396,1,1
21404,1,0
21405,1,0
21409,1,1
21413,1,1
21414,1,0
21416,1,1
21423,1,1
21426,1,0
21427,1,1
21429,1,1
21430,1,1
21431,1,0
21433,0,0
21436,0,1
21437,0,1
21445,1,0
21462,0,0
21464,1,1
21466,1,1
21470,1,1
21471,1,1
21477,1,0
21483,1,0
21484,1,1
21486,1,1
21490,1,1
21496,1,1
21500,1,0
21501,1,0
21505,1,1
21513,1,1
21518,0,0
21528,0,0
21530,1,1
21533,1,1
21535,1,0
21540,1,1
21541,1,0
21546,1,1
21547,1,1
21558,0,1
21559,0,0
21565,0,0
21574,0,1
21576,1,0
21577,1,1
21582,1,1
21584,0,0
21585,1,1
21597,0,1
21600,1,0
21601,0,0
21602,1,0
21611,0,1
21615,1,1
21616,1,0
21624,1,0
21625,0,0
21631,0,0
21634,1,1
21637,0,0
21645,1,1
21650,1,1
21651,1,0
21652,1,0
21653,1,1
21657,1,1
21658,1,0
21663,1,0
21664,1,1
21665,0,0
21668,0,1
21669,1,1
21673,1,1
21677,1,1
21678,0,0
21684,1,0
21691,1,1
21697,1,1
21699,0,0
21701,0,0
21704,1,1
21709,0,0
21711,1,1
21713,0,0
21717,1,1
21721,1,0
21723,1,0
21726,0,1
21729,1,1
21730,1,1
21732,1,1
21734,1,1
21743,1,1
21747,1,0
21751,0,0
21759,1,1
21765,1,1
21768,0,0
21771,1,0
21773,1,0
21779,1,1
21782,1,1
21792,1,0
21802,1,0
21803,1,1
21805,1,0
21810,1,1
21812,0,0
21813,1,0
21815,1,0
21823,1,1
21824,1,0
21826,1,0
21833,1,1
21834,1,1
21835,1,1
21845,0,1
21846,0,0
21849,1,1
21860,1,0
21864,1,1
21867,1,1
21868,1,1
21874,0,1
21876,1,1
21880,1,0
21883,1,1
21884,1,1
21890,1,1
21891,1,1
21895,1,0
21897,1,1
21898,1,1
21899,1,1
21902,1,0
21903,1,1
21908,1,1
21912,1,0
21913,1,0
21918,1,1
21919,1,1
21922,0,1
21923,1,1
21928,1,0
21932,1,1
21934,1,1
21936,1,1
21937,1,0
21938,1,0
21943,1,0
21945,1,0
21952,1,1
21954,1,1
21955,0,0
21968,1,0
21969,1,1
21970,0,0
21973,1,1
21975,1,1
21976,1,1
21981,1,0
21986,1,1
21988,1,1
21990,0,0
21991,1,0
21994,1,0
21995,1,1
21996,1,1
21998,1,1
21999,1,1
22005,0,0
22017,1,1
22019,1,1
22022,1,1
22028,0,1
22029,1,1
22030,1,1
22047,1,1
22054,1,1
22064,1,0
22065,1,1
22070,1,1
22082,1,1
22086,1,1
22094,1,0
22095,0,0
22096,1,1
22098,1,1
22100,0,0
22101,1,1
22103,0,0
22104,1,0
22106,0,0
22115,1,1
22117,1,1
22125,1,1
22128,0,0
22134,1,0
22138,0,0
22140,1,1
22145,0,0
22148,1,0
22151,1,1
22155,0,0
22161,1,1
22162,0,0
22168,1,1
22169,1,1
22170,1,1
22172,0,0
22175,1,1
22182,0,0
22184,1,1
22185,1,1
22186,1,0
22187,1,0
22194,1,1
22199,1,1
22200,1,1
22202,0,1
22204,1,1
22205,1,1
22207,1,0
22209,0,0
22211,1,1
22212,1,1
22213,1,1
22224,1,0
22228,0,0
22229,1,1
22231,1,1
22238,1,0
22251,0,0
22253,1,0
22263,1,1
22265,0,0
22267,0,1
22268,1,1
22269,0,1
22270,1,1
22284,1,1
22288,1,0
22290,1,1
22293,0,0
22295,0,0
22300,0,0
22306,0,0
22319,0,1
22328,1,1
22339,1,0
22340,0,1
22341,0,0
22347,0,1
22348,0,0
22353,1,1
22354,1,1
22355,1,0
22356,0,0
22358,1,1
22360,1,1
22361,0,0
22368,1,1
22369,1,1
22370,1,1
22374,1,1
22377,1,1
22383,1,1
22384,0,0
22385,0,1
22388,1,0
22389,1,0
22390,1,0
22393,1,0
22396,1,1
22400,1,0
22402,0,0
22409,1,0
22411,1,0
22418,0,1
22429,1,1
22432,0,1
22433,0,1
22435,1,1
22436,0,0
22455,0,0
22456,1,1
22460,0,0
22463,1,1
22464,1,0
22466,1,1
22468,1,0
22479,1,0
22486,1,1
22491,1,1
22492,1,1
22495,0,0
22504,1,1
22505,1,0
22507,0,0
22509,1,1
22510,0,0
22514,1,1
22515,1,1
22516,0,1
22528,1,1
22536,1,1
22537,1,0
22545,1,1
22546,0,0
22547,1,0
22552,1,1
22553,0,1
22556,0,0
22561,0,1
22565,1,1
22568,0,0
22569,1,1
22572,1,1
22574,1,1
22575,0,0
22576,0,0
22579,0,0
22583,1,0
22584,0,1
22585,1,1
22594,1,0
22599,1,0
22604,0,0
22605,1,1
22606,1,1
22607,1,0
22610,1,1
22611,1,1
22612,0,0
22613,1,0
22615,1,1
22616,1,0
22618,0,1
22619,1,0
22621,1,1
22623,1,1
22624,0,0
22627,1,1
22628,1,1
22629,0,0
22630,1,1
22632,1,1
22633,0,0
22635,1,1
22638,0,0
22639,1,1
22642,0,0
22649,0,0
22652,1,0
22653,1,0
22661,0,1
22663,0,1
22667,1,1
22669,0,1
22681,1,1
22685,1,1
22687,0,1
22689,0,1
22692,0,1
22703,1,1
22704,0,0
22706,1,1
22707,1,1
22708,1,0
22709,0,0
22710,1,1
22711,1,1
22715,1,1
22721,1,1
22727,0,1
22728,1,1
22730,1,1
22731,0,0
22738,0,1
22743,1,0
22746,1,1
22747,1,0
22749,1,1
22751,1,1
22753,1,1
22755,0,0
22763,0,0
22769,1,1
22770,0,0
22773,1,0
22774,0,1
22775,1,0
22782,1,1
22785,1,1
22787,1,0
22789,0,1
22802,1,1
22805,1,1
22806,1,1
22810,1,1
22811,0,0
22812,1,1
22813,1,1
22819,0,1
22820,0,0
22823,1,1
22824,0,1
22825,1,1
22828,0,1
22833,1,0
22835,1,1
22849,1,1
22850,0,0
22852,0,1
22857,1,1
22859,1,0
22866,1,1
22868,1,1
22869,1,1
22871,1,0
22876,1,0
22878,1,1
22884,1,1
22893,0,1
22897,1,1
22904,0,0
22909,1,1
22910,1,0
22915,1,1
22921,1,1
22922,1,1
22923,1,1
22927,1,0
22930,1,0
22934,0,0
22937,1,1
22939,0,0
22943,0,1
22948,1,1
22952,1,1
22963,1,0
22964,1,1
22967,0,0
22971,1,1
22972,1,0
22975,0,0
22976,0,1
22983,1,1
22984,0,1
22990,1,1
22991,1,1
22993,0,1
22995,0,0
22998,1,0
22999,1,1
23000,1,0
23001,1,1
23004,1,0
23006,0,0
23007,0,1
23012,0,0
23020,1,1
23038,0,1
23048,1,1
23051,1,0
23052,1,1
23053,1,1
23054,1,0
23060,1,1
23066,1,0
23068,1,1
23069,0,0
23071,0,1
23073,1,1
23076,0,0
23078,0,1
23080,1,0
23086,0,0
23090,1,1
23093,1,0
23094,1,1
23106,1,1
23107,1,0
23112,1,0
23115,0,0
23119,0,0
23129,1,1
23130,0,1
23131,1,1
23132,1,0
23146,1,0
23147,1,1
23150,0,0
23155,1,0
23161,1,1
23162,1,0
23166,0,0
23167,0,1
23173,0,0
23174,0,0
23176,0,0
23178,1,1
23187,1,0
23188,1,1
23191,1,1
23193,1,1
23194,1,1
23197,1,1
23200,1,1
23205,0,0
23208,1,1
23212,1,1
23214,0,0
23220,1,1
23223,1,1
23225,1,1
23228,1,1
23229,1,0
23231,1,0
23232,1,1
23233,1,1
23244,1,0
23247,0,0
23250,1,1
23251,1,1
23257,1,1
23258,1,1
23260,0,0
23261,1,0
23262,1,0
23266,1,1
23270,0,0
23273,0,1
23276,1,0
23281,1,1
23282,0,0
23287,1,1
23289,1,1
23291,0,0
23293,1,1
23294,0,1
23295,1,0
23297,0,0
23301,0,0
23303,1,1
23304,1,1
23306,1,1
23311,1,1
23315,1,0
23325,1,0
23327,1,1
23330,1,0
23331,0,1
23332,0,0
23334,0,1
23335,1,1
23344,0,0
23349,1,1
23350,1,1
23359,1,1
23361,1,1
23362,1,1
23368,1,1
23371,1,1
23373,1,1
23375,0,1
23377,1,1
23380,1,1
23382,1,1
23383,1,1
23384,1,0
23386,1,1
23391,1,0
23393,0,0
23396,1,0
23398,1,0
23401,1,0
23402,1,1
23404,1,1
23420,1,1
23422,0,1
23425,1,0
23426,1,1
23428,1,0
23431,0,0
23435,0,1
23436,1,0
23437,1,1
23438,0,0
23444,0,0
23447,0,0
23453,0,1
23454,1,1
23457,0,0
23461,0,0
23464,1,0
23466,1,1
23468,0,1
23470,0,0
23471,1,0
23472,0,1
23476,1,1
23481,1,1
23485,1,1
23486,1,0
23489,0,1
23490,1,1
23492,1,1
23495,1,1
23496,1,1
23502,0,0
23505,1,0
23977,0,0
23511,1,0
23514,1,1
23518,1,1
23525,1,1
23529,0,0
23534,1,1
23537,1,0
23538,1,1
23542,1,1
23547,1,0
23548,1,1
23559,0,0
23560,1,1
23565,1,1
23566,0,0
23568,0,0
23569,0,0
23570,1,1
23571,0,1
23573,1,1
23584,1,0
23585,0,0
23587,1,1
23588,1,0
23598,1,0
23601,1,0
23603,0,1
23605,0,0
23608,0,0
23612,1,1
23615,0,0
23616,1,1
23618,0,0
23626,1,1
23628,0,1
23631,1,1
23632,1,1
23637,0,0
23638,1,1
23639,1,1
23640,1,1
23644,1,0
23648,1,1
23661,1,1
23666,0,0
23670,0,1
23675,1,0
23676,1,1
23677,1,0
23678,0,0
23679,0,0
23681,1,1
23682,0,0
23684,0,0
23690,1,1
23692,0,0
23697,1,1
23706,0,0
23708,0,0
23709,1,1
23713,1,0
23718,0,0
23723,0,1
23727,1,0
23734,1,1
23738,1,0
23739,1,1
23740,0,0
23745,1,1
23747,1,0
23749,0,0
23750,1,1
23752,0,0
23753,1,1
23759,1,1
23760,1,0
23763,1,1
23764,1,1
23766,0,0
23775,1,1
23776,0,0
23781,1,1
23783,1,1
23785,1,0
23790,1,1
23801,1,1
23808,1,1
23813,1,1
23814,1,1
23816,1,0
23817,1,1
23819,1,0
23821,0,0
23826,1,1
23830,1,1
23832,0,0
23835,0,0
23836,1,1
23854,1,0
23857,0,1
23861,1,1
23862,1,1
23871,1,0
23880,1,0
23901,0,1
23903,1,1
23911,0,1
23914,1,0
23920,1,0
23929,0,1
23930,1,1
23931,0,1
23944,1,0
23948,1,1
23955,0,0
23957,1,1
23959,0,0
23963,1,1
23964,1,0
23965,0,0
23969,1,1
23970,1,1
23971,0,0
23975,1,1
23978,1,1
23982,1,1
23990,0,0
23994,1,1
24003,0,0
24005,1,1
24019,0,1
24025,1,1
24026,1,1
24027,1,1
24031,0,0
24038,1,1
24047,1,0
24048,1,1
24054,1,0
24055,1,1
24061,1,1
24071,0,1
24072,1,0
24074,1,0
24076,1,1
24078,1,0
24081,1,1
24086,0,1
24089,1,0
24091,1,0
24093,1,1
24095,1,0
24099,1,1
24102,1,1
24109,1,0
24112,1,1
24117,1,1
24125,1,1
24129,0,0
24130,1,0
24137,1,1
24139,0,0
24143,1,1
24145,1,1
24150,1,0
24152,0,1
24155,1,1
24159,1,1
24164,1,0
24168,1,1
24173,1,1
24175,0,1
24182,0,1
24183,1,1
24187,1,1
24197,1,1
24198,0,1
24199,1,1
24200,0,1
24204,1,0
24205,1,0
24208,1,1
24213,1,1
24219,1,0
24228,1,0
24237,1,1
24239,0,0
24240,0,1
24242,1,0
24246,0,0
24249,1,1
24252,0,0
24254,1,1
24265,1,1
24266,0,0
24270,1,1
24271,1,0
24273,1,1
24275,1,0
24278,1,0
24281,0,0
24282,1,0
24284,1,1
24286,1,1
24288,1,0
24428,1,1
24289,1,1
24294,1,1
24295,1,1
24304,0,0
24305,1,1
24307,0,0
24316,0,0
24318,1,1
24319,1,1
24329,1,1
24332,1,0
24335,1,1
24336,0,0
24338,1,0
24339,0,1
24341,0,1
24342,1,1
24343,1,0
24346,1,1
24347,1,1
24350,1,1
24355,1,1
24356,1,1
24361,1,1
24362,0,0
24371,1,1
24383,1,0
24384,0,0
24385,1,0
24388,0,0
24389,1,1
24390,1,1
24393,1,1
24397,1,1
24401,1,1
24406,0,1
24407,1,1
24409,1,0
24412,0,1
24419,1,1
24420,1,0
24429,1,0
24431,0,0
24433,1,1
24435,0,0
24442,0,1
24444,0,1
24446,1,1
24449,1,1
24450,1,1
24455,1,1
24457,0,0
24458,0,1
24459,0,0
24464,0,1
24471,1,1
24474,1,1
24476,0,0
24478,0,1
24480,1,1
24481,1,1
24489,0,0
24491,1,1
24495,0,0
24496,0,0
24497,0,0
24499,1,1
24500,1,1
24502,0,0
24504,1,1
24508,1,0
24513,0,1
24514,1,1
24526,1,1
24528,0,0
24530,1,1
24535,1,0
24536,0,1
24539,0,0
24541,1,1
24546,1,1
24547,1,1
24549,1,1
24556,0,0
24558,0,1
24561,1,0
24568,1,0
24569,1,0
24576,0,0
24581,0,0
24582,1,1
24585,0,0
24587,0,0
24592,1,0
24604,0,0
24606,1,0
24608,1,1
24609,0,1
24611,0,1
24615,0,0
24616,0,0
24618,0,0
24621,0,1
24623,1,1
24624,1,1
24627,1,1
24631,1,0
24632,0,1
24639,1,1
24644,0,0
24647,0,0
24655,0,0
24662,1,1
24663,1,1
24665,0,0
24666,0,1
24669,1,1
24670,1,1
24673,1,1
24680,1,0
24685,0,0
24694,1,1
24695,0,0
24701,1,1
24704,1,1
24708,1,1
24715,1,1
24716,0,0
24720,0,0
24723,0,0
24727,0,1
24730,0,1
24731,1,1
24732,1,1
24734,1,1
24735,1,1
24743,1,1
24753,1,0
24754,1,1
24759,1,1
24760,1,1
24761,0,0
24765,1,1
24766,1,0
24769,0,0
24778,0,0
24782,0,0
24783,0,0
24785,1,1
24790,1,0
24791,0,0
24802,0,0
24804,1,0
24807,1,1
24811,0,0
24815,1,1
24821,0,0
24822,1,1
24825,0,1
24827,0,1
24829,0,1
24831,0,0
24835,1,1
24841,1,1
24849,0,1
24850,0,0
24853,1,1
24861,1,1
24869,1,1
24870,1,0
24871,0,0
24875,1,0
24877,0,0
24879,0,0
24882,0,0
24888,1,1
24889,1,1
24899,1,1
24903,1,1
24904,0,0
24907,0,0
24910,1,0
24914,0,0
24918,0,0
24919,1,1
24931,0,1
24932,0,0
24933,0,1
24939,1,0
24941,0,0
24956,1,0
24962,1,1
24963,0,1
24968,1,1
24980,1,0
24981,0,0
24986,1,1
24994,1,0
24996,1,0
24997,1,1
24999,1,1
25001,1,1
25003,1,0
25007,1,1
25008,0,0
25010,1,1
25012,0,0
25013,0,0
25014,1,1
25015,0,0
25016,1,1
25017,0,0
25018,0,0
25020,1,0
25021,1,1
25022,1,1
25030,0,0
25031,1,0
25036,0,0
25040,0,0
25045,0,1
25047,1,0
25059,1,1
25061,1,1
25066,1,1
25068,0,1
25075,0,0
25077,0,0
25079,1,1
25082,0,0
25083,0,0
25084,0,1
25089,0,0
25091,1,1
25097,0,0
25098,0,0
25101,0,0
25107,1,1
25109,1,1
25112,1,1
25115,0,0
25116,0,1
25119,1,1
25120,1,0
25121,0,0
25127,1,1
25130,1,1
25132,1,1
25133,1,0
25149,1,0
25150,1,1
25151,1,1
25157,1,0
25162,1,0
25175,0,0
25177,1,1
25180,1,1
25185,0,1
25186,0,0
25187,0,0
25190,1,1
25192,0,0
25195,1,1
25196,0,0
25202,0,1
25208,0,0
25209,0,0
25213,1,1
25216,1,0
25218,1,1
25220,1,1
25221,1,0
25229,0,0
25234,1,1
25235,1,1
25241,1,1
25245,1,0
25265,1,1
25266,1,0
25269,0,1
25272,1,0
25273,1,1
25280,1,0
25282,1,1
25286,1,1
25296,1,1
25301,1,0
25302,1,1
25310,1,1
25311,1,1
25313,1,1
25314,1,1
25318,1,0
25319,0,1
25321,0,0
25322,0,0
25324,1,1
25330,0,0
25333,1,0
25340,1,1
25345,0,1
25348,0,0
25352,0,0
25357,0,0
25359,1,1
25360,1,0
25361,0,0
25363,1,0
25365,0,0
25368,1,1
25371,0,1
25372,0,0
25388,1,1
25389,0,0
25390,1,1
25394,0,1
25395,1,1
25396,1,0
25397,0,1
25398,0,0
25399,0,0
25403,1,1
25405,0,0
25408,0,0
25410,1,0
25412,0,0
25415,0,1
25419,1,0
25421,1,0
25422,0,0
25423,0,1
25424,1,1
25426,1,0
25427,0,0
25428,1,1
25437,1,0
25438,0,0
25439,0,0
25440,0,1
25441,0,0
25444,1,1
25449,0,1
25451,1,0
25452,0,0
25459,0,0
25461,1,0
25463,1,1
25475,0,1
25478,1,1
25482,1,1
25483,1,1
25486,1,1
25487,1,1
25488,1,1
25491,1,1
25492,1,0
25493,1,1
25494,1,1
25496,1,1
25498,1,1
25503,1,1
25504,1,0
25506,0,0
25513,1,0
25515,0,1
25517,1,1
25520,1,0
25523,1,1
25530,0,0
25534,1,1
25535,0,0
25542,1,0
25543,1,1
25547,0,0
25549,0,0
25560,0,0
25563,0,1
25569,1,1
25571,0,0
25572,0,0
25581,1,1
25592,0,0
25594,1,1
25597,1,1
25601,0,0
25603,1,1
25608,0,1
25609,1,0
25616,1,1
25617,1,1
25619,1,0
25629,1,1
25633,1,0
25638,0,0
25639,1,1
25646,0,0
25647,0,0
25654,0,0
25657,0,0
25666,0,0
25680,1,1
25681,0,1
25682,0,0
25692,0,1
25703,0,1
25704,1,1
25708,0,0
25710,0,0
25711,0,0
25712,0,0
25723,1,1
25730,1,0
25732,0,0
25735,1,0
25737,1,0
25740,1,1
25741,1,1
25744,1,0
25745,1,1
25747,1,1
25750,0,0
25752,1,0
25757,0,0
25760,0,0
25761,1,1
25762,1,1
25764,1,0
25766,0,1
25767,0,0
25776,0,0
25781,1,0
25783,1,1
25785,1,1
25786,1,0
25789,0,0
25791,0,0
25799,1,0
25805,1,0
25808,0,0
25809,1,1
25814,1,0
25816,0,1
25819,0,0
25821,0,0
25822,1,0
25825,1,1
25826,0,0
25830,0,0
25831,1,1
25837,0,0
25843,0,0
25849,0,0
25852,1,1
25855,1,0
25859,1,0
25860,1,1
25862,1,1
25863,1,0
25868,1,1
25869,0,1
25870,1,1
25874,1,0
25880,1,1
25882,1,1
25883,0,0
25884,0,0
25889,1,0
25890,1,1
25891,0,1
25898,1,1
25899,0,1
25902,1,1
25907,0,0
25908,0,1
25910,0,0
25913,1,1
25915,0,0
25917,0,1
25918,1,1
25928,0,1
25930,1,1
25932,1,1
25934,1,1
25938,1,1
25939,1,1
25942,1,0
25946,0,0
25947,1,0
25948,1,0
25957,1,1
25958,0,0
25962,1,1
25964,0,1
25965,1,1
25967,1,1
25970,1,0
25973,1,0
25977,0,0
25986,0,0
25991,1,0
25995,1,1
26001,1,0
26013,1,1
26015,0,0
26016,1,0
26018,0,0
26022,1,1
26024,1,1
26026,1,1
26033,1,0
26034,1,0
26035,0,0
26047,1,1
26052,0,1
26054,1,1
26069,0,1
26077,0,1
26080,1,1
26081,1,1
26084,0,1
26087,0,0
26092,1,0
26101,0,0
26104,1,1
26106,0,0
26107,1,1
26109,0,0
26110,1,1
26112,1,1
26113,0,1
26116,1,1
26117,1,1
26120,0,0
26123,0,0
26132,1,1
26139,1,0
26145,0,0
26151,0,1
26154,1,0
26155,0,0
26156,0,1
26159,1,1
26161,0,0
26163,1,1
26165,1,1
26176,0,0
26179,1,1
26180,1,1
26183,0,0
26184,0,0
26185,1,0
26186,1,1
26196,1,0
26200,1,0
26202,1,1
26207,0,1
26208,0,0
26209,0,0
26213,0,1
26216,1,0
26235,1,0
26237,0,0
26244,1,1
26245,0,1
26246,0,0
26247,0,0
26251,0,0
26257,0,0
26275,0,0
26276,0,1
26278,1,0
26284,1,1
26285,1,1
26286,0,0
26289,1,1
26290,1,1
26292,1,1
26297,1,0
26298,1,0
26305,0,0
26307,0,1
26309,1,1
26310,1,1
26311,0,1
26312,1,0
26313,0,1
26314,0,1
26318,1,1
26319,0,0
26322,0,0
26323,1,1
26325,0,1
26328,0,0
26334,1,0
26337,0,0
26339,1,1
26344,1,0
26355,0,0
26368,0,0
26370,1,1
26372,1,0
26376,1,0
26377,1,1
26393,0,1
26400,0,1
26406,0,0
26407,0,1
26414,0,1
26416,0,0
26417,0,0
26418,1,0
26419,0,1
26425,0,0
26427,1,1
26432,1,1
26433,0,0
26435,1,0
26436,1,0
26440,1,0
26441,0,0
26443,0,0
26447,0,1
26453,1,1
26454,0,0
26457,1,1
26461,0,0
26462,1,1
26464,1,0
26467,0,0
26469,0,1
26470,0,0
26472,1,0
26478,0,0
26479,1,0
26480,0,0
26484,0,1
26489,0,1
26491,0,0
26497,1,0
26501,1,0
26512,0,1
26513,0,0
26514,0,1
26518,1,0
26521,0,1
26524,1,1
26527,1,0
26535,0,0
26536,0,1
26540,1,0
26543,0,1
26549,1,1
26554,0,1
26555,1,1
26557,0,0
26558,1,0
26560,1,1
26571,0,1
26573,1,1
26577,0,1
26586,0,1
26588,1,1
26590,0,1
26597,1,0
26598,1,0
26604,0,0
26610,0,1
26617,0,0
26622,0,0
26625,1,1
26626,1,1
26627,1,1
26630,1,1
26634,0,0
26638,0,1
26657,1,0
26658,0,1
26666,0,1
26667,0,1
26668,1,1
26670,1,1
26672,0,0
26674,0,0
26679,0,0
26680,0,0
26681,1,1
26683,1,1
26699,0,1
26701,0,0
26703,0,1
26707,0,1
26708,0,1
26710,1,0
26728,0,1
26732,0,0
26733,0,1
26736,1,1
26740,0,1
26741,0,1
26744,0,0
26746,0,0
26747,0,1
26749,0,1
26752,0,1
26755,0,0
